역번호,지역,노선명,철도운영기관,역명,주소,위도,경도,1월 승차이용객수,1월 하차이용객수
0097,경기,1호선,한국철도공사,연천,경기도 연천군 연천읍 연천로 273-7(차탄리),38.100485,127.07368,851,809
0098,경기,1호선,한국철도공사,전곡,경기도 연천군 전곡읍 전곡역로 75(전곡리),38.024041,127.071913,1114,1026
0099,경기,1호선,한국철도공사,청산,경기도 연천군 청산면 초성리 170-1,37.995138,127.074097,133,108
0100,경기,1호선,한국철도공사,소요산,경기도 동두천시 평화로 2925(상봉암동 126),37.948608,127.061007,1548,1562
0101,경기,1호선,한국철도공사,동두천,경기도 동두천시 평화로 2687(동두천동 245-210),37.927569,127.054825,1438,1397
0102,경기,1호선,한국철도공사,보산,경기도 동두천시 평화로 2539(보산동),37.914268,127.057134,1366,1301
0103,경기,1호선,한국철도공사,동두천중앙,경기도 동두천시 동두천로 228(생연동 682),37.901818,127.056528,2533,2438
0104,경기,1호선,한국철도공사,지행,경기도 동두천시 평화로 2285(지행동),37.892361,127.055734,5733,5750
0105,경기,1호선,한국철도공사,덕정,경기도 양주시 화합로 1356,37.843216,127.061511,5198,4910
0106,경기,1호선,한국철도공사,덕계,경기도 양주시 고덕로 139번길 317,37.818761,127.056676,5594,5253
0107,경기,1호선,한국철도공사,양주,경기도 양주시 평화로 919(남방동 94-1),37.774281,127.044719,6192,5971
0108,경기,1호선,한국철도공사,녹양,경기도 의정부시 평화로 757(녹양동 973),37.759416,127.042272,3873,3714
0109,경기,1호선,한국철도공사,가능,경기도 의정부시 평화로 633,37.748362,127.044251,5693,5503
0110,경기,1호선,한국철도공사,의정부,경기도 의정부시 평화로 525,37.73873,127.045891,17846,18052
0111,경기,1호선,한국철도공사,회룡,경기도 의정부시 평화로 363,37.724037,127.047319,11964,11706
0112,경기,1호선,한국철도공사,망월사,경기도 의정부시 평화로 221,37.710499,127.047361,6786,6896
0113,서울,1호선,한국철도공사,도봉산,서울시 도봉구 도봉로 964-33,37.689603,127.046047,6795,4386
0114,서울,1호선,한국철도공사,도봉,서울시 도봉구 도봉로 170길 2,37.679441,127.045521,5360,5137
0115,서울,1호선,한국철도공사,방학,서울시 도봉구 도봉로 150다길 3,37.667471,127.044295,9337,9154
0116,서울,1호선,한국철도공사,창동,서울시 도봉구 마들로 11길 77(창1동 135-86),37.653181,127.047663,5,0
0117,서울,1호선,한국철도공사,녹천,서울시 도봉구 덕릉로 376(창동),37.644599,127.051406,4001,3416
0118,서울,1호선,한국철도공사,월계,서울시 노원구 월계로 53길 40(월계2동 261),37.633114,127.058835,5665,5292
0119,서울,1호선,한국철도공사,광운대,서울특별시 노원구 석계로 98-2,37.623632,127.061835,7735,7414
0120,서울,1호선,한국철도공사,석계,서울시 노원구 화랑로 341(월계동 36-4),37.615206,127.065594,6777,7321
0121,서울,1호선,한국철도공사,신이문,서울시 동대문구 한천로 472(이문로 7),37.601829,127.067347,7756,7239
0122,서울,1호선,한국철도공사,외대앞,서울시 동대문구 휘경로 27(이문동 360-5),37.596157,127.063572,10201,10000
0123,서울,1호선,한국철도공사,회기,서울시 동대문구 회기로196(휘경동 317-101),37.589602,127.057936,23581,22554
0124,서울,1호선,서울교통공사,청량리,서울특별시 동대문구 왕산로 지하205(전농동),37.580148,127.045063,22754,22548
0125,서울,1호선,서울교통공사,제기동,서울특별시 동대문구 왕산로 지하93(제기동),37.578116,127.034902,15449,15859
0126,서울,1호선,서울교통공사,신설동,서울특별시 동대문구 왕산로 지하1(신설동),37.576117,127.02471,13475,12999
0127,서울,1호선,서울교통공사,동묘앞,서울특별시 종로구 종로 359(숭인동),37.573265,127.016459,9606,9792
0128,서울,1호선,서울교통공사,동대문,서울특별시 종로구 종로 지하302(창신동),37.571646,127.01069,11800,11316
0129,서울,1호선,서울교통공사,종로5가,서울특별시 종로구 종로 지하216(종로5가),37.570971,127.0019,22945,22307
0130,서울,1호선,서울교통공사,종로3가,서울특별시 종로구 종로 지하129(종로3가),37.570429,126.992095,24491,22402
0131,서울,1호선,서울교통공사,종각,서울특별시 종로구 종로 지하55(종로1가),37.570203,126.983116,39239,37802
0132,서울,1호선,서울교통공사,시청,서울특별시 중구 세종대로 지하101(정동),37.565211,126.977207,14857,14403
0133,서울,1호선,서울교통공사,서울역,서울특별시 중구 세종대로 지하2(남대문로 5가),37.55585,126.972103,70805,66563
1002,서울,1호선,한국철도공사,남영,서울시 용산구 한강대로 77길 25(갈월동),37.540597,126.971171,8648,8979
1003,서울,1호선,한국철도공사,용산,서울시 용산구 한강대로 23길 55(한강로 3가 40-999),37.52989,126.964775,46517,46610
1004,서울,1호선,한국철도공사,노량진,서울시 동작구 노량진로 151,37.514072,126.941671,8647,8779
1005,서울,1호선,한국철도공사,대방,서울시 영등포구 여의대방로 300,37.513392,126.926407,9196,10288
1006,서울,1호선,한국철도공사,신길,서울시 영등포구 영등포로 327,37.517018,126.917743,7862,6967
1007,서울,1호선,한국철도공사,영등포,서울시 영등포구 경인로 846(영등포동 1가 618-496),37.515756,126.907411,42038,42311
1008,서울,1호선,한국철도공사,신도림,서울시 구로구 새말로 117-21,37.508983,126.891513,3464,3783
1009,서울,1호선,한국철도공사,구로,서울시 구로구 구로중앙로 174,37.503178,126.882037,15761,15962
1010,서울,1호선,한국철도공사,구일,서울시 구로구 구일로 133,37.495973,126.869201,6512,6690
1011,서울,1호선,한국철도공사,개봉,서울시 구로구 경인로 40길 47,37.494698,126.858504,20917,20721
1012,서울,1호선,한국철도공사,오류동,서울시 구로구 경인로 20길 13,37.4944,126.844551,10563,9954
1013,서울,1호선,한국철도공사,온수,서울시 구로구 부일로 872,37.492267,126.823399,5339,5084
1014,경기,1호선,한국철도공사,역곡,경기도 부천시 원미구 역곡로 1(역곡동),37.48514,126.811622,22701,22773
1015,경기,1호선,한국철도공사,소사,경기도 부천시 소사구 경인로 363,37.482755,126.795654,7287,6949
1016,경기,1호선,한국철도공사,부천,경기도 부천시 소사구 부천로 1,37.484066,126.782779,29198,29315
1017,경기,1호선,한국철도공사,중동,경기도 부천시 소사구 중동로 73,37.486664,126.764474,7879,7243
1018,경기,1호선,한국철도공사,송내,경기도 부천시 소사구 송내대로 43,37.487626,126.753045,22845,22429
1019,인천,1호선,한국철도공사,부개,인천시 부평구 수변로 22,37.488479,126.740549,7555,7109
1020,인천,1호선,한국철도공사,부평,인천시 부평구 광장로 16,37.489457,126.724584,27791,29123
1021,인천,1호선,한국철도공사,백운,인천시 부평구 마장로 55번길 14,37.483301,126.707179,6209,6001
1022,인천,1호선,한국철도공사,동암,인천시 부평구 동암광장로 10,37.470835,126.703016,13874,14006
1023,인천,1호선,한국철도공사,간석,인천시 남동구 석정로 522-14,37.464689,126.693408,5186,4908
1024,인천,1호선,한국철도공사,주안,인천시 남구 주안로 95-19,37.465041,126.680702,16246,14450
1025,인천,1호선,한국철도공사,도화,인천시 남구 숙골로 24번길 9,37.466154,126.66846,3503,3270
1026,인천,1호선,한국철도공사,제물포,인천시 남구 경인로 129,37.466809,126.657165,9110,8747
1027,인천,1호선,한국철도공사,도원,인천시 동구 참외전로 245,37.468604,126.642824,2698,2741
1028,인천,1호선,한국철도공사,동인천,인천시 중구 참외전로 119,37.475414,126.632598,12095,11377
1029,인천,1호선,한국철도공사,인천,인천시 중구 제물량로 269,37.476364,126.616936,3093,2548
1702,서울,1호선,한국철도공사,가산디지털단지,서울시 금천구 벚꽃로 309,37.481568,126.882628,14738,17263
1703,서울,1호선,한국철도공사,독산,서울시 금천구 벚꽃로 115,37.465994,126.889508,14798,15048
1704,서울,1호선,한국철도공사,금천구청,서울시 금천구 시흥대로 63길 91,37.45576,126.894344,9839,10040
1704-1,경기,1호선,한국철도공사,광명,경기도 광명시 광명역로 21,37.415995,126.884523,3596,3006
1705,경기,1호선,한국철도공사,석수,경기도 안양시 만안구 경수대로 1431,37.435161,126.902233,7303,6748
1706,경기,1호선,한국철도공사,관악,경기도 안양시 만안구 경수대로 1273번길 46,37.419578,126.908476,6396,6254
1707,경기,1호선,한국철도공사,안양,경기도 안양시 만안구 만안로 232,37.401929,126.922647,20052,19821
1708,경기,1호선,한국철도공사,명학,경기도 안양시 만안구 만안로 20,37.384435,126.935579,7262,7118
1709,경기,1호선,한국철도공사,금정,경기도 군포시 군포로 750,37.371957,126.943411,25758,26179
1710,경기,1호선,한국철도공사,군포,경기도 군포시 군포역1길 27,37.353732,126.948517,6011,5874
1711,경기,1호선,한국철도공사,당정,경기도 군포시 당정역로 91,37.34338,126.948388,5278,5045
1712,경기,1호선,한국철도공사,의왕,경기도 의왕시 철도박물관로 66(삼동),37.320648,126.948099,8108,7995
1713,경기,1호선,한국철도공사,성균관대,경기도 수원시 장안구 서부로 2149,37.300344,126.970861,13681,13465
1714,경기,1호선,한국철도공사,화서,경기도 수원시 팔달구 덕영대로 692,37.28399,126.989581,10408,10176
1715,경기,1호선,한국철도공사,수원,경기도 수원시 팔달구 덕영대로 924,37.266162,126.999821,37164,38722
1716,경기,1호선,한국철도공사,세류,경기도 수원시 권선구 정조로 393-1,37.244102,127.013772,3200,2998
1717,경기,1호선,한국철도공사,병점,경기도 화성시 떡전골로 97,37.206821,127.033268,13512,13474
1717-1,경기,1호선,한국철도공사,서동탄,경기도 오산시 외삼미로 15번길 75-60,37.195675,127.051893,1294,1096
1718,경기,1호선,한국철도공사,세마,경기도 오산시 세마역로 88,37.187288,127.043279,3057,2905
1719,경기,1호선,한국철도공사,오산대,경기도 오산시 청학로 236,37.169401,127.063081,3345,3072
1720,경기,1호선,한국철도공사,오산,경기도 오산시 오산동 역광장로 59,37.145472,127.066708,9647,9638
1721,경기,1호선,한국철도공사,진위,경기도 평택시 경기대로 1855,37.109771,127.062342,1423,1291
1722,경기,1호선,한국철도공사,송탄,경기도 평택시 신장동 송탄공원로 43,37.075376,127.054397,3997,3923
1723,경기,1호선,한국철도공사,서정리,경기도 평택시 탄현로 51,37.056459,127.052844,7610,7247
1724,경기,1호선,한국철도공사,평택지제,경기도 평택시 경기대로 777,37.018822,127.070269,4132,3862
1725,경기,1호선,한국철도공사,평택,경기도 평택시 평택로 51,36.990559,127.085496,11843,11609
1726,충남,1호선,한국철도공사,성환,충남 천안시 서북구 성환읍 성환1로 237-5(성환리 449-128),36.915781,127.127007,3456,3371
1727,충남,1호선,한국철도공사,직산,충남 천안시 서북구 직산읍 천안대로 1471-33,36.870921,127.143774,919,897
1728,충남,1호선,한국철도공사,두정,충남 천안시 서북구 두정로 289(두정동 84-1),36.833791,127.148905,6378,6478
1729,충남,1호선,한국철도공사,천안,충남 천안시 동남구 대흥로 239(대흥동 57-1),36.810238,127.146417,5777,5865
1730,충남,1호선,한국철도공사,봉명,충남 천안시 동남구 차돌로 51(봉명동 20-2),36.801578,127.136319,1178,1183
1731,충남,1호선,한국철도공사,쌍용,충청남도 천안시 서북구 쌍용19로 20 _x000D_,36.793745,127.121363,2082,1985
1732,충남,1호선,한국철도공사,아산,충남 아산시 배방읍 희망로 90(장재리 325-3),36.792195,127.104384,3588,3174
1733,충남,1호선,한국철도공사,탕정,충청남도 아산시 탕정면 매곡중앙6로 11,36.788272,127.084446,1848,1693
1734,충남,1호선,한국철도공사,배방,충남 아산시 배방읍 온천대로 1967,36.777541,127.052751,1228,1206
1735,충남,1호선,한국철도공사,온양온천,충남 아산시 온천대로 1496(온천동 56-9),36.780419,127.003707,4816,4849
1736,충남,1호선,한국철도공사,신창,충남 아산시 신창면 행목로 50,36.769213,126.950129,1021,975
0201,서울,2호선,서울교통공사,시청,서울특별시 중구 서소문로 지하127(서소문동),37.563534,126.975271,14857,14403
0202,서울,2호선,서울교통공사,을지로입구,서울특별시 중구 을지로 지하42(을지로1가),37.565998,126.982569,48932,50236
0203,서울,2호선,서울교통공사,을지로3가,서울특별시 중구 을지로 지하106(을지로3가),37.566292,126.990873,23969,24221
0204,서울,2호선,서울교통공사,을지로4가,서울특별시 중구 을지로 지하178(을지로4가),37.566611,126.997622,13601,13353
0205,서울,2호선,서울교통공사,동대문역사문화공원,서울특별시 중구 을지로 지하279(을지로7가),37.565609,127.009083,14207,16207
0206,서울,2호선,서울교통공사,신당,서울특별시 중구 퇴계로 지하431-1(신당동),37.565675,127.0194259,14476,15171
0207,서울,2호선,서울교통공사,상왕십리,서울특별시 성동구 왕십리로 지하374(하왕십리동),37.564444,127.029322,13490,13401
0208,서울,2호선,서울교통공사,왕십리,서울특별시 성동구 왕십리로 지하300(행당동),37.561289,127.0370615,15178,14089
0209,서울,2호선,서울교통공사,한양대,서울특별시 성동구 왕십리로 206(행당동),37.555758,127.0436594,8222,8670
0210,서울,2호선,서울교통공사,뚝섬,서울특별시 성동구 아차산로 18(성수동1가),37.54718,127.047413,22675,23905
0211,서울,2호선,서울교통공사,성수,서울특별시 성동구 아차산로 100(성수동2가),37.544628,127.055983,50218,53283
0212,서울,2호선,서울교통공사,건대입구,서울특별시 광진구 아차산로 243(화양동),37.540408,127.069231,36462,38096
0213,서울,2호선,서울교통공사,구의,서울특별시 광진구 아차산로 384-1(구의동),37.537157,127.0862124,26735,26360
0214,서울,2호선,서울교통공사,강변,서울특별시 광진구 강변역로 53(구의동),37.535161,127.094684,25977,23663
0215,서울,2호선,서울교통공사,잠실나루,서울특별시 송파구 오금로 20(신천동),37.520688,127.103836,13418,12981
0216,서울,2호선,서울교통공사,잠실,서울특별시 송파구 올림픽로 지하265(신천동),37.513305,127.100129,77418,74732
0217,서울,2호선,서울교통공사,잠실새내,서울특별시 송파구 올림픽로 지하140(잠실동),37.511653,127.086224,22273,21946
0218,서울,2호선,서울교통공사,종합운동장,서울특별시 송파구 올림픽로 지하23(잠실동),37.511128,127.073841,6808,6766
0219,서울,2호선,서울교통공사,삼성,서울특별시 강남구 테헤란로 지하538(삼성동),37.508827,127.063203,51592,50771
0220,서울,2호선,서울교통공사,선릉,서울특별시 강남구 테헤란로 지하340(삼성동),37.504477,127.048974,52545,45890
0221,서울,2호선,서울교통공사,역삼,서울특별시 강남구 테헤란로 지하156(역삼동),37.500658,127.03643,46969,52089
0222,서울,2호선,서울교통공사,강남,서울특별시 강남구 강남대로 지하396(역삼동),37.49805,127.02795,79425,77120
0223,서울,2호선,서울교통공사,교대,서울특별시 서초구 서초대로 지하294(서초동),37.493957,127.014431,28310,33699
0224,서울,2호선,서울교통공사,서초,서울특별시 서초구 서초대로 지하233(서초동),37.49191,127.007685,20363,19846
0225,서울,2호선,서울교통공사,방배,서울특별시 서초구 방배로 지하80(방배동),37.481469,126.997627,14428,14787
0226,서울,2호선,서울교통공사,사당,서울특별시 동작구 남부순환로 지하2089(사당동),37.476536,126.981631,40569,43671
0227,서울,2호선,서울교통공사,낙성대,서울특별시 관악구 남부순환로 지하1928(봉천동),37.47713,126.963583,26298,25625
0228,서울,2호선,서울교통공사,서울대입구,서울특별시 관악구 남부순환로 지하1822(봉천동),37.481233,126.952745,43767,42303
0229,서울,2호선,서울교통공사,봉천,서울특별시 관악구 남부순환로 지하1721(봉천동),37.482416,126.941696,23210,22083
0230,서울,2호선,서울교통공사,신림,서울특별시 관악구 남부순환로 지하1614(신림동),37.484216,126.929573,52827,51982
0231,서울,2호선,서울교통공사,신대방,서울특별시 동작구 대림로 2(신대방동),37.487604,126.913479,23481,22667
0232,서울,2호선,서울교통공사,구로디지털단지,서울특별시 구로구 도림천로 477(구로동),37.4852931,126.901456,53841,53374
0233,서울,2호선,서울교통공사,대림,서울특별시 구로구 도림천로 351(구로동),37.4932826,126.8949793,23071,23565
0234,서울,2호선,서울교통공사,신도림,서울특별시 구로구 새말로 지하 117-21(신도림동),37.508815,126.891222,46065,44319
0235,서울,2호선,서울교통공사,문래,서울특별시 영등포구 당산로 지하28(문래동3가),37.517993,126.894766,21776,22494
0236,서울,2호선,서울교통공사,영등포구청,서울특별시 영등포구 당산로 지하121(당산동3가),37.525766,126.896627,21854,22444
0237,서울,2호선,서울교통공사,당산,서울특별시 영등포구 당산로 229(당산동6가),37.534807,126.902611,16954,19109
0238,서울,2호선,서울교통공사,합정,서울특별시 마포구 양화로 지하55(서교동),37.550025,126.914557,31083,33766
0239,서울,2호선,서울교통공사,홍대입구,서울특별시 마포구 양화로 지하160(동교동),37.556748,126.923643,71351,74894
0240,서울,2호선,서울교통공사,신촌,서울특별시 마포구 신촌로 지하90(노고산동),37.555153,126.93689,36046,36010
0241,서울,2호선,서울교통공사,이대,서울특별시 마포구 신촌로 지하180(염리동),37.556734,126.945897,14700,15665
0242,서울,2호선,서울교통공사,아현,서울특별시 마포구 신촌로 지하270(아현동),37.557407,126.956079,10256,9698
0243,서울,2호선,서울교통공사,충정로,서울특별시 서대문구 서소문로 지하17(충정로3가),37.559742,126.964455,9624,10274
2111,서울,2호선,서울교통공사,용답,서울특별시 성동구 용답길 86(용답동),37.562066,127.05087863,2705,2682
2112,서울,2호선,서울교통공사,신답,서울특별시 성동구 천호대로 232(용답동),37.569847,127.047048,1600,1792
2113,서울,2호선,서울교통공사,용두,서울특별시 동대문구 천호대로 지하129(용두동),37.574012,127.03811,2266,2247
2114,서울,2호선,서울교통공사,신설동,서울특별시 동대문구 왕산로 지하 1(신설동),37.574653,127.025158,3948,3951
2341,서울,2호선,서울교통공사,도림천,서울특별시 구로구 경인로67길 160(신도림동),37.5145589,126.882586,1268,1364
2342,서울,2호선,서울교통공사,양천구청,서울특별시 양천구 목동로3길 지하33(신정동),37.5123294,126.865593,6384,6712
2343,서울,2호선,서울교통공사,신정네거리,서울특별시 양천구 중앙로 지하261(신정동),37.520218,126.852849,9629,9947
2344,서울,2호선,서울교통공사,까치산,서울특별시 강서구 화곡로 108 (화곡동 662-5),37.531768,126.846683,0,0
0309,경기,3호선,한국철도공사,대화,경기도 고양시 일산서구 중앙로 1569(대화동 2221),37.675883,126.747756,9477,7863
0310,경기,3호선,한국철도공사,주엽,경기도 고양시 일산서구 중앙로 1432(주엽동 166-7),37.670138,126.761232,8013,7899
0311,경기,3호선,한국철도공사,정발산,경기도 고양시 일산동구 마두 1동 1123(일산동구 중앙로 1270),37.659709,126.773254,6731,6728
0312,경기,3호선,한국철도공사,마두,경기도 고양시 일산동구 중앙로 지하 1180(마두동),37.652185,126.777641,7083,7155
0313,경기,3호선,한국철도공사,백석,경기도 고양시 일산동구 중앙로 1042,37.642973,126.788109,9442,9596
0314,경기,3호선,한국철도공사,대곡,경기도 고양시 덕양구 대주로 107번길 71-81(대장동 420-1),37.631629,126.811025,9956,8957
0315,경기,3호선,한국철도공사,화정,경기도 고양시 덕양구 화정로 60 화정역,37.634708,126.832503,15638,16320
0316,경기,3호선,한국철도공사,원당,경기도 고양시 덕양구 덕양대로 1429(성사1동 4100-7),37.653103,126.842891,10339,10031
0317,경기,3호선,한국철도공사,원흥,"경기도 고양시 덕양구 권율대로 681 (원흥동, 원흥역) 원흥역",37.650709,126.873239,10211,9707
0318,경기,3호선,한국철도공사,삼송,경기도 고양시 덕양구 삼송로 194,37.653096,126.895559,17848,17292
0319,경기,3호선,서울교통공사,지축,경기도 고양시 덕양구 삼송로 300(지축동),37.648151,126.913751,6848,6905
0319,경기,3호선,한국철도공사,지축,경기도 고양시 덕양구 삼송로 300(지축동),37.648114,126.913746,1,0
0320,서울,3호선,서울교통공사,구파발,서울특별시 은평구 진관2로 지하15-25 (진관동),37.636612,126.918827,20587,19983
0321,서울,3호선,서울교통공사,연신내,서울특별시 은평구 통일로 지하849(갈현동),37.619295,126.920959,35055,33631
0322,서울,3호선,서울교통공사,불광,서울특별시 은평구 통일로 지하723-1(대조동),37.610154,126.930183,15362,16504
0323,서울,3호선,서울교통공사,녹번,서울특별시 은평구 통일로 지하602-1(녹번동),37.600882,126.935758,14029,12988
0324,서울,3호선,서울교통공사,홍제,서울특별시 서대문구 통일로 지하440-1(홍제동),37.588851,126.944092,17149,16477
0325,서울,3호선,서울교통공사,무악재,서울특별시 서대문구 통일로 지하361(홍제동),37.582658,126.950131,3989,3939
0326,서울,3호선,서울교통공사,독립문,서울특별시 서대문구 통일로 지하247(현저동),37.574534,126.957902,7253,7465
0327,서울,3호선,서울교통공사,경복궁,서울특별시 종로구 사직로 지하130(적선동),37.575844,126.973576,22766,22348
0328,서울,3호선,서울교통공사,안국,서울특별시 종로구 율곡로 지하62(안국동),37.576562,126.98547,23322,24046
0329,서울,3호선,서울교통공사,종로3가,서울특별시 종로구 돈화문로 지하30(묘동),37.571537,126.991837,10282,11519
0330,서울,3호선,서울교통공사,을지로3가,서울특별시 중구 을지로 지하129(을지로3가),37.566299,126.992616,12301,11843
0331,서울,3호선,서울교통공사,충무로,서울특별시 중구 퇴계로 지하214(필동2가),37.561382,126.994173,5,0
0332,서울,3호선,서울교통공사,동대입구,서울특별시 중구 동호로 지하256(장충동2가),37.55906,127.005273,9637,10468
0333,서울,3호선,서울교통공사,약수,서울특별시 중구 다산로 지하122(신당동),37.554554,127.010858,12007,11741
0334,서울,3호선,서울교통공사,금호,서울특별시 성동구 동호로 지하104(금호동4가),37.548269,127.015785,7657,7228
0335,서울,3호선,서울교통공사,옥수,서울특별시 성동구 동호로 21(옥수동),37.541653,127.017303,8436,8691
0336,서울,3호선,서울교통공사,압구정,서울특별시 강남구 압구정로 지하172(신사동),37.526169,127.028502,29693,31563
0337,서울,3호선,서울교통공사,신사,서울특별시 강남구 도산대로 지하102(신사동),37.516438,127.020247,26309,27307
0338,서울,3호선,서울교통공사,잠원,서울특별시 서초구 잠원로4길 지하46(잠원동),37.512989,127.011613,6680,6489
0339,서울,3호선,서울교통공사,고속터미널,서울특별시 서초구 신반포로 지하188(반포동),37.504953,127.004916,49961,47255
0340,서울,3호선,서울교통공사,교대,서울특별시 서초구 서초대로 지하294(서초동),37.49306,127.013796,15575,8807
0341,서울,3호선,서울교통공사,남부터미널,서울특별시 서초구 서초중앙로 지하31(서초동),37.48494,127.016289,30118,30008
0342,서울,3호선,서울교통공사,양재,서울특별시 서초구 남부순환로 지하2585(서초동),37.48458,127.03423,34901,36653
0343,서울,3호선,서울교통공사,매봉,서울특별시 강남구 남부순환로 지하2744(도곡동),37.487114,127.046907,11798,11295
0344,서울,3호선,서울교통공사,도곡,서울특별시 강남구 남부순환로 지하2814(도곡동),37.491129,127.055694,5470,5432
0345,서울,3호선,서울교통공사,대치,서울특별시 강남구 남부순환로 지하2952(대치동),37.494601,127.063449,12937,12386
0346,서울,3호선,서울교통공사,학여울,서울특별시 강남구 남부순환로 지하3104(대치동),37.496787,127.0708601,2019,2037
0347,서울,3호선,서울교통공사,대청,서울특별시 강남구 일원로 지하2(일원동),37.493607,127.079526,9730,9234
0348,서울,3호선,서울교통공사,일원,서울특별시 강남구 일원로 지하121(일원동),37.48389,127.08416,10442,10284
0349,서울,3호선,서울교통공사,수서,서울특별시 강남구 광평로 지하270(수서동),37.4875,127.101924,17934,17586
0350,서울,3호선,서울교통공사,가락시장,서울특별시 송파구 송파대로 지하257(가락동),37.492318,127.1177,8708,8550
0351,서울,3호선,서울교통공사,경찰병원,서울특별시 송파구 중대로 지하149(가락동),37.495754,127.124198,7069,7127
0352,서울,3호선,서울교통공사,오금,서울특별시 송파구 오금로 지하321(오금동),37.502288,127.128344,6020,5512
0405,경기,4호선,남양주도시공사,진접,경기도 남양주시 진접읍 경복대로 지하 244,37.720472,127.203167,4422,4071
0406,경기,4호선,남양주도시공사,오남,경기도 남양주시 오남읍 진건오남로 지하 929,37.7054056,127.191644,4822,4678
0408,경기,4호선,남양주도시공사,별내별가람,경기도 남양주시 별내3로 지하 345,37.667833,127.116167,5839,5621
0409,서울,4호선,서울교통공사,불암산,서울특별시 노원구 상계로 305(상계동),37.67009,127.079004,8869,7750
0410,서울,4호선,서울교통공사,상계,서울특별시 노원구 상계로 182(상계동),37.660576,127.073199,17912,16915
0411,서울,4호선,서울교통공사,노원,서울특별시 노원구 상계로 69-1(상계동),37.656274,127.063183,19454,21723
0412,서울,4호선,서울교통공사,창동,서울특별시 도봉구 마들로11길 77(창동),37.653315,127.048304,25995,27190
0413,서울,4호선,서울교통공사,쌍문,서울특별시 도봉구 도봉로 지하 486-1(창동),37.648274,127.034381,27385,25462
0414,서울,4호선,서울교통공사,수유,서울특별시 강북구 도봉로 지하338(수유동),37.637727,127.025371,32141,32542
0415,서울,4호선,서울교통공사,미아,서울특별시 강북구 도봉로 지하198(미아동),37.626435,127.026151,14795,14291
0416,서울,4호선,서울교통공사,미아사거리,서울특별시 강북구 도봉로 지하50(미아동),37.613276,127.030083,24895,24768
0417,서울,4호선,서울교통공사,길음,서울특별시 성북구 동소문로 지하248(길음동),37.603387,127.025053,19872,19518
0418,서울,4호선,서울교통공사,성신여대입구,서울특별시 성북구 동소문로 지하102(동선동4가),37.592882,127.016908,21040,20408
0419,서울,4호선,서울교통공사,한성대입구,서울특별시 성북구 삼선교로 지하1(삼선동1가),37.58838,127.005951,12867,12505
0420,서울,4호선,서울교통공사,혜화,서울특별시 종로구 대학로 지하120(명륜4가),37.582116,127.001929,35989,35989
0421,서울,4호선,서울교통공사,동대문,서울특별시 종로구 율곡로 지하308(종로6가),37.57099,127.00925,17693,18445
0422,서울,4호선,서울교통공사,동대문역사문화공원,서울특별시 중구 장충단로 지하230(광희동2가),37.565141,127.007808,19098,16669
0423,서울,4호선,서울교통공사,충무로,서울특별시 중구 퇴계로 지하214(필동2가),37.561352,126.994573,27460,28397
0424,서울,4호선,서울교통공사,명동,서울특별시 중구 퇴계로 지하126(충무로2가),37.560955,126.986271,33393,35398
0425,서울,4호선,서울교통공사,회현,서울특별시 중구 퇴계로 지하54(남창동),37.558698,126.978346,25996,27259
0426,서울,4호선,서울교통공사,서울역,서울특별시 용산구 한강대로 지하392(동자동),37.553172,126.972706,11670,21784
0427,서울,4호선,서울교통공사,숙대입구,서울특별시 용산구 한강대로 지하306(갈월동),37.5447834,126.9721,13728,13578
0428,서울,4호선,서울교통공사,삼각지,서울특별시 용산구 한강대로 지하180(한강로1가),37.534457,126.972992,6786,7939
0429,서울,4호선,서울교통공사,신용산,서울특별시 용산구 한강대로 지하112(한강로2가),37.52919,126.96858,21766,23467
0430,서울,4호선,서울교통공사,이촌,서울특별시 용산구 서빙고로 지하83(용산동5가),37.522271,126.973417,11044,11672
0431,서울,4호선,서울교통공사,동작,서울특별시 동작구 현충로 257(동작동),37.503567,126.980171,1625,1660
0432,서울,4호선,서울교통공사,총신대입구,서울특별시 동작구 동작대로 지하117(사당동),37.487521,126.982309,18538,20056
0433,서울,4호선,서울교통공사,사당,서울특별시 동작구 동작대로 지하3(사당동),37.476263,126.981636,24672,22213
0434,서울,4호선,서울교통공사,남태령,서울특별시 서초구 과천대로 지하816(방배동),37.464339,126.989081,1302,1053
1450,경기,4호선,한국철도공사,선바위,경기도 과천시 중앙로 440,37.451854,127.002164,6743,5888
1451,경기,4호선,한국철도공사,경마공원,경기도 과천시 경마공원대로 105,37.443987,127.007899,5211,5199
1452,경기,4호선,한국철도공사,대공원,경기도 과천시 대공원로 50,37.435724,127.006474,2276,2346
1453,경기,4호선,한국철도공사,과천,경기도 과천시 별양로 지하 177,37.432785,126.996542,4825,4499
1454,경기,4호선,한국철도공사,정부과천청사,경기도 과천시 중앙로 지하 100,37.426445,126.989802,12178,12776
1455,경기,4호선,한국철도공사,인덕원,경기도 안양시 동안구 흥안대로 529,37.401901,126.976718,23929,24406
1456,경기,4호선,한국철도공사,평촌,경기도 안양시 동안구 부림로 지하 123,37.394346,126.963881,16245,15843
1457,경기,4호선,한국철도공사,범계,경기도 안양시 동안구 동안로 지하 130,37.389783,126.950752,26766,26763
1708,경기,4호선,한국철도공사,금정,경기도 군포시 군포로 750,37.371957,126.943611,25758,26179
1750,경기,4호선,한국철도공사,산본,경기도 군포시 번영로 504,37.358019,126.932969,15172,16145
1751,경기,4호선,한국철도공사,수리산,경기도 군포시 번영로 385,37.350297,126.925537,3587,2985
1752,경기,4호선,한국철도공사,대야미,경기도 군포시 대야1로 28,37.328304,126.917161,4556,3992
1753,경기,4호선,한국철도공사,반월,경기도 안산시 상록구 건건로 119-10,37.312244,126.903684,3989,3838
1754,경기,4호선,한국철도공사,상록수,경기도 안산시 상록구 상록수로 61,37.302845,126.866533,13103,13262
1755,경기,4호선,한국철도공사,한대앞,경기도 안산시 상록구 충장로 337,37.309685,126.853656,8091,8086
1756,경기,4호선,한국철도공사,중앙,경기도 안산시 단원구 중앙대로 918,37.316055,126.838532,17085,17864
1757,경기,4호선,한국철도공사,고잔,경기도 안산시 단원구 중앙대로 784,37.316821,126.823094,7971,7703
1758,경기,4호선,한국철도공사,초지,경기도 안산시 단원구 중앙대로 620,37.320583,126.806151,4267,4307
1759,경기,4호선,한국철도공사,안산,경기도 안산시 단원구 중앙대로 462,37.327006,126.788748,10974,10215
1760,경기,4호선,한국철도공사,능길,경기도 안산시 단원구 황고개로 2,37.337488,126.767306,0,0
1761,경기,4호선,한국철도공사,정왕,경기도 시흥시 마유로 418길 15,37.351816,126.742844,7949,8052
1762,경기,4호선,한국철도공사,오이도,경기도 시흥시 역전로 430,37.361773,126.738437,6715,6591
0510,서울,5호선,서울교통공사,방화,서울특별시 강서구 금낭화로 지하132(방화동),37.577669,126.812822,6574,6385
0511,서울,5호선,서울교통공사,개화산,서울특별시 강서구 양천로 22(방화동),37.572458,126.806838,5717,5501
0512,서울,5호선,서울교통공사,김포공항,서울특별시 강서구 하늘길 지하77(방화동),37.56217,126.801273,13222,8278
0513,서울,5호선,서울교통공사,송정,서울특별시 강서구 공항대로 지하33(공항동),37.561253,126.812423,5932,5694
0514,서울,5호선,서울교통공사,마곡,서울특별시 강서구 공항대로 지하163(마곡동),37.560236,126.824717,15365,15259
0515,서울,5호선,서울교통공사,발산,서울특별시 강서구 공항대로 지하267(마곡동),37.55865,126.837693,22863,23478
0516,서울,5호선,서울교통공사,우장산,서울특별시 강서구 강서로 지하262(화곡동),37.548864,126.83633,13727,13894
0517,서울,5호선,서울교통공사,화곡,서울특별시 강서구 화곡로 지하168(화곡동),37.541585,126.840436,27024,25401
0518,서울,5호선,서울교통공사,까치산,서울특별시 강서구 강서로 지하54(화곡동),37.53221,126.846466,26212,25384
0519,서울,5호선,서울교통공사,신정,서울특별시 양천구 오목로 지하179(신정동),37.525001,126.856176,12680,10679
0520,서울,5호선,서울교통공사,목동,서울특별시 양천구 오목로 지하245(목동),37.526088,126.864296,15407,16693
0521,서울,5호선,서울교통공사,오목교,서울특별시 양천구 오목로 지하342(목동),37.524557,126.875049,20459,21459
0522,서울,5호선,서울교통공사,양평,서울특별시 영등포구 양산로 지하21(양평동2가),37.525614,126.886177,7756,7679
0523,서울,5호선,서울교통공사,영등포구청,서울특별시 영등포구 양산로 지하116(당산동3가),37.524209,126.895022,4649,4565
0524,서울,5호선,서울교통공사,영등포시장,서울특별시 영등포구 양산로 지하200(영등포동5가),37.52276,126.905143,11740,11811
0525,서울,5호선,서울교통공사,신길,서울특별시 영등포구 경인로114가길 지하9(영등포동1가),37.51763,126.914886,4653,4927
0526,서울,5호선,서울교통공사,여의도,서울특별시 영등포구 여의나루로 지하40(여의도동),37.521678,126.924318,27228,28269
0527,서울,5호선,서울교통공사,여의나루,서울특별시 영등포구 여의동로 지하343(여의도동),37.527045,126.932807,9711,11212
0528,서울,5호선,서울교통공사,마포,서울특별시 마포구 마포대로 지하33(도화동),37.539718,126.946043,13976,14241
0529,서울,5호선,서울교통공사,공덕,서울특별시 마포구 마포대로 지하100(공덕동),37.544005,126.951058,13411,14035
0530,서울,5호선,서울교통공사,애오개,서울특별시 마포구 마포대로 지하210(아현동),37.553592,126.956733,6458,6339
0531,서울,5호선,서울교통공사,충정로,서울특별시 서대문구 충정로 지하 28-1(충정로3가),37.560061,126.962783,4613,4677
0532,서울,5호선,서울교통공사,서대문,서울특별시 종로구 통일로 지하126(평동),37.565812,126.966639,17164,17286
0533,서울,5호선,서울교통공사,광화문,서울특별시 종로구 세종대로 지하172(세종로),37.571645,126.976568,31993,33049
0534,서울,5호선,서울교통공사,종로3가,서울특별시 종로구 돈화문로11길 지하 26(돈의동),37.572546,126.990447,14233,14238
0535,서울,5호선,서울교통공사,을지로4가,서울특별시 중구 창경궁로 지하51(주교동),37.56728,126.998127,6023,6048
0536,서울,5호선,서울교통공사,동대문역사문화공원,서울특별시 중구 마른내로 지하162(광희동1가),37.564682,127.00533,2981,3367
0537,서울,5호선,서울교통공사,청구,서울특별시 중구 청구로 지하77(신당동),37.560237,127.01379,3208,3078
0538,서울,5호선,서울교통공사,신금호,서울특별시 성동구 금호로 지하154(금호동2가),37.554504,127.020403,5750,6144
0539,서울,5호선,서울교통공사,행당,서울특별시 성동구 행당로 지하89(행당동),37.557297,127.029482,7476,6734
0540,서울,5호선,서울교통공사,왕십리,서울특별시 성동구 왕십리로 지하300(행당동),37.56197,127.037264,4540,5174
0541,서울,5호선,서울교통공사,마장,서울특별시 성동구 마장로 지하296(마장동),37.566066,127.042921,5425,5153
0542,서울,5호선,서울교통공사,답십리,서울특별시 성동구 천호대로 지하300(용답동),37.566833,127.05266,15072,13698
0543,서울,5호선,서울교통공사,장한평,서울특별시 동대문구 천호대로 지하405(장안동),37.561438,127.064601,18857,18741
0544,서울,5호선,서울교통공사,군자,서울특별시 광진구 천호대로 지하550(능동),37.557102,127.079559,11607,12943
0545,서울,5호선,서울교통공사,아차산,서울특별시 광진구 천호대로 지하657(능동),37.552005,127.089609,13722,13556
0546,서울,5호선,서울교통공사,광나루,서울특별시 광진구 아차산로 지하571(광장동),37.545301,127.103478,10240,9849
0547,서울,5호선,서울교통공사,천호,서울특별시 강동구 천호대로 지하997(천호동),37.538566,127.123539,20211,19232
0548,서울,5호선,서울교통공사,강동,서울특별시 강동구 천호대로 지하1097(천호동),37.53581,127.13249,17943,17365
0549,서울,5호선,서울교통공사,길동,서울특별시 강동구 양재대로 지하1480(길동),37.538022,127.140085,8857,9070
0550,서울,5호선,서울교통공사,굽은다리,서울특별시 강동구 양재대로 지하1572(명일동),37.545442,127.142844,9559,9153
0551,서울,5호선,서울교통공사,명일,서울특별시 강동구 양재대로 지하1632(명일동),37.551317,127.144002,7709,7724
0552,서울,5호선,서울교통공사,고덕,서울특별시 강동구 고덕로 지하253(고덕동),37.555002,127.154214,9640,9540
0553,서울,5호선,서울교통공사,상일동,서울특별시 강동구 고덕로 지하359(상일동),37.556714,127.166381,13595,13192
0554,서울,5호선,서울교통공사,강일,서울특별시 강동구 고덕로 지하456(강일동),37.557521,127.176018,5666,5288
0555,경기,5호선,서울교통공사,미사,경기도 하남시 미사강변동로 지하90(망월동),37.56309,127.192954,17252,17348
0556,경기,5호선,서울교통공사,하남풍산,경기도 하남시 덕풍서로 지하50(덕풍동),37.552201,127.203897,4331,4326
0557,경기,5호선,서울교통공사,하남시청,경기도 하남시 하남대로 지하820(덕풍동),37.541723,127.206901,8090,7681
0558,경기,5호선,서울교통공사,하남검단산,경기도 하남시 대청로 지하100(창우동),37.539729,127.223427,6282,5960
P549,서울,5호선,서울교통공사,둔촌동,서울특별시 강동구 양재대로 지하1369(둔촌동),37.527787,127.136219,12730,12582
P550,서울,5호선,서울교통공사,올림픽공원,서울특별시 송파구 양재대로 지하1233(방이동),37.516217,127.130957,4817,4276
P551,서울,5호선,서울교통공사,방이,서울특별시 송파구 양재대로 지하1127(방이동),37.508752,127.126054,7446,7554
P552,서울,5호선,서울교통공사,오금,서울특별시 송파구 오금로 지하321(오금동),37.502228,127.127701,3403,3448
P553,서울,5호선,서울교통공사,개롱,서울특별시 송파구 오금로 지하402(가락동),37.498097,127.134817,5992,6272
P554,서울,5호선,서울교통공사,거여,서울특별시 송파구 오금로 지하499(거여동),37.493208,127.143983,9370,9250
P555,서울,5호선,서울교통공사,마천,서울특별시 송파구 마천로57길 지하7(마천동),37.494972,127.152784,6709,6132
0610,서울,6호선,서울교통공사,구산,서울특별시 은평구 연서로 지하137-1(구산동),37.611196,126.9172519,7704,6322
0611,서울,6호선,서울교통공사,연신내,서울특별시 은평구 통일로 지하849(갈현동),37.618483,126.920403,2,0
0612,서울,6호선,서울교통공사,독바위,서울특별시 은평구 불광로 지하129-1(불광동),37.618413,126.933035,2467,2616
0613,서울,6호선,서울교통공사,불광,서울특별시 은평구 통일로 지하723-1(대조동),37.610919,126.929504,4640,4116
0614,서울,6호선,서울교통공사,역촌,서울특별시 은평구 서오릉로 지하63(녹번동),37.60605,126.922764,3756,4317
0615,서울,6호선,서울교통공사,응암,서울특별시 은평구 증산로 지하477(신사동),37.59859,126.915583,16764,16707
0616,서울,6호선,서울교통공사,새절,서울특별시 은평구 증산로 지하400(신사동),37.591148,126.913613,11713,11148
0617,서울,6호선,서울교통공사,증산,서울특별시 은평구 증산로 지하306(증산동),37.583989,126.909785,4181,4428
0618,서울,6호선,서울교통공사,디지털미디어시티,서울특별시 은평구 수색로 지하175(증산동),37.5760805,126.901343,13273,14386
0619,서울,6호선,서울교통공사,월드컵경기장,서울특별시 마포구 월드컵로 지하240(성산동),37.569439,126.899077,3920,3987
0620,서울,6호선,서울교통공사,마포구청,서울특별시 마포구 월드컵로 지하190(성산동),37.563529,126.903356,13691,12637
0621,서울,6호선,서울교통공사,망원,서울특별시 마포구 월드컵로 지하77(망원동),37.556031,126.910129,16065,17102
0622,서울,6호선,서울교통공사,합정,서울특별시 마포구 양화로 지하45(합정동),37.549033,126.913546,12994,12887
0623,서울,6호선,서울교통공사,상수,서울특별시 마포구 독막로 지하85(상수동),37.547704,126.92292,10107,11125
0624,서울,6호선,서울교통공사,광흥창,서울특별시 마포구 독막로 지하165(창전동),37.547464,126.931971,8828,8481
0625,서울,6호선,서울교통공사,대흥,서울특별시 마포구 대흥로 지하85(대흥동),37.547732,126.942214,8460,8839
0626,서울,6호선,서울교통공사,공덕,서울특별시 마포구 백범로 지하200(공덕동),37.543592,126.951664,17777,17232
0627,서울,6호선,서울교통공사,효창공원앞,서울특별시 용산구 백범로 지하287(효창동),37.539279,126.961348,7019,6370
0628,서울,6호선,서울교통공사,삼각지,서울특별시 용산구 한강대로 지하185(한강로1가),37.535563,126.973996,7047,6490
0629,서울,6호선,서울교통공사,녹사평,서울특별시 용산구 녹사평대로 지하195(용산동4가),37.53469,126.98665,4957,5119
0630,서울,6호선,서울교통공사,이태원,서울특별시 용산구 이태원로 지하177(이태원동),37.534485,126.994369,11411,12521
0631,서울,6호선,서울교통공사,한강진,서울특별시 용산구 이태원로 지하287(한남동),37.53956,127.001729,8970,10580
0632,서울,6호선,서울교통공사,버티고개,서울특별시 중구 다산로 지하38(신당동),37.547933,127.006948,2101,2109
0633,서울,6호선,서울교통공사,약수,서울특별시 중구 다산로 지하115(신당동),37.554087,127.010237,3460,3400
0634,서울,6호선,서울교통공사,청구,서울특별시 중구 청구로 지하77(신당동),37.560221,127.013776,3542,3514
0635,서울,6호선,서울교통공사,신당,서울특별시 중구 다산로 지하260(흥인동),37.567534,127.0161118,8316,8373
0636,서울,6호선,서울교통공사,동묘앞,서울특별시 종로구 지봉로 지하24(숭인동),37.572275,127.015666,8793,8793
0637,서울,6호선,서울교통공사,창신,서울특별시 종로구 지봉로 지하112(창신동),37.579772,127.015246,3209,2672
0638,서울,6호선,서울교통공사,보문,서울특별시 성북구 보문로 지하116(보문동1가),37.585293,127.019377,7484,7036
0639,서울,6호선,서울교통공사,안암,서울특별시 성북구 고려대로 지하89(안암동5가),37.586261,127.02903,10685,10480
0640,서울,6호선,서울교통공사,고려대,서울특별시 성북구 종암로 지하1(종암동),37.59034,127.03626,7734,7444
0641,서울,6호선,서울교통공사,월곡,서울특별시 성북구 월곡로 지하107(하월곡동),37.60192,127.041492,10535,10335
0642,서울,6호선,서울교통공사,상월곡,서울특별시 성북구 화랑로 지하157(상월곡동),37.606392,127.048509,5845,5240
0643,서울,6호선,서울교통공사,돌곶이,서울특별시 성북구 화랑로 지하243(석관동),37.610522,127.056419,11083,10375
0644,서울,6호선,서울교통공사,석계,서울특별시 노원구 화랑로 지하 347-1(월계동),37.614937,127.065922,11200,11625
0645,서울,6호선,서울교통공사,태릉입구,서울특별시 노원구 동일로 지하 992-1(공릉동),37.617319,127.074741,5436,5661
0646,서울,6호선,서울교통공사,화랑대,서울특별시 노원구 화랑로 지하510(공릉동),37.619875,127.084106,9746,8206
0647,서울,6호선,서울교통공사,봉화산,서울특별시 중랑구 신내로 지하232(신내동),37.617429,127.0912326,7815,7391
0648,서울,6호선,서울교통공사,신내,서울특별시 중랑구 용마산로136길 33 신내차량기지,37.612571,127.104326,1,0
0709,경기,7호선,서울교통공사,장암,경기도 의정부시 동일로 121(장암동),37.70015,127.053126,2381,994
0710,서울,7호선,서울교통공사,도봉산,서울특별시 도봉구 도봉로 964-40(도봉동),37.689131,127.046548,7730,9031
0711,서울,7호선,서울교통공사,수락산,서울특별시 노원구 동일로 지하1662(상계동),37.677804,127.055314,11491,11563
0712,서울,7호선,서울교통공사,마들,서울특별시 노원구 동일로 지하1530-1(상계동),37.664985,127.057701,12403,11850
0713,서울,7호선,서울교통공사,노원,서울특별시 노원구 동일로 지하1409(상계동),37.654478,127.060555,19856,20586
0714,서울,7호선,서울교통공사,중계,서울특별시 노원구 동일로 지하1308-1(중계동),37.645052,127.064084,13391,12437
0715,서울,7호선,서울교통공사,하계,서울특별시 노원구 동일로 지하1196(하계동),37.636363,127.067999,16658,15646
0716,서울,7호선,서울교통공사,공릉,서울특별시 노원구 동일로 지하1074(공릉동),37.625642,127.072969,11476,11410
0717,서울,7호선,서울교통공사,태릉입구,서울특별시 노원구 동일로 지하 992-1(공릉동),37.618519,127.075361,7808,7338
0718,서울,7호선,서울교통공사,먹골,서울특별시 중랑구 동일로 지하901(묵동),37.610638,127.077719,9692,9702
0719,서울,7호선,서울교통공사,중화,서울특별시 중랑구 동일로 지하797(중화동),37.602604,127.079254,10319,10285
0720,서울,7호선,서울교통공사,상봉,서울특별시 중랑구 망우로 297(상봉동),37.595673,127.085708,17462,16922
0721,서울,7호선,서울교통공사,면목,서울특별시 중랑구 면목로 지하407(면목동),37.588671,127.087503,13619,13243
0722,서울,7호선,서울교통공사,사가정,서울특별시 중랑구 사가정로 지하393(면목동),37.580912,127.088502,14981,15095
0723,서울,7호선,서울교통공사,용마산,서울특별시 중랑구 용마산로 지하227(면목동),37.573752,127.086802,5399,5397
0724,서울,7호선,서울교통공사,중곡,서울특별시 광진구 능동로 지하417(중곡동),37.565877,127.084291,10285,9874
0725,서울,7호선,서울교통공사,군자,서울특별시 광진구 천호대로 지하550(능동),37.557151,127.079484,14784,11758
0726,서울,7호선,서울교통공사,어린이대공원,서울특별시 광진구 능동로 지하210(화양동),37.547962,127.07465,12944,12794
0727,서울,7호선,서울교통공사,건대입구,서울특별시 광진구 능동로 지하110(화양동),37.540882,127.071103,13433,13882
0728,서울,7호선,서울교통공사,자양,서울특별시 광진구 능동로 10(자양동),37.531558,127.066714,8009,7903
0729,서울,7호선,서울교통공사,청담,서울특별시 강남구 학동로 지하508(청담동),37.519097,127.051851,16933,18277
0730,서울,7호선,서울교통공사,강남구청,서울특별시 강남구 학동로 지하346(삼성동),37.517185,127.04122,15039,16652
0731,서울,7호선,서울교통공사,학동,서울특별시 강남구 학동로 지하180(논현동),37.5142461,127.0316039,21109,21863
0732,서울,7호선,서울교통공사,논현,서울특별시 강남구 학동로 지하102(논현동),37.511108,127.021385,17608,18584
0733,서울,7호선,서울교통공사,반포,서울특별시 서초구 신반포로 지하241(잠원동),37.508171,127.011717,6300,6038
0734,서울,7호선,서울교통공사,고속터미널,서울특별시 서초구 신반포로 지하188(반포동),37.503387,127.005055,17633,14534
0735,서울,7호선,서울교통공사,내방,서울특별시 서초구 서초대로 지하103(방배동),37.48764,126.993541,13867,13936
0736,서울,7호선,서울교통공사,총신대입구,서울특별시 동작구 사당로 지하310(사당동),37.485258,126.981766,18538,20056
0737,서울,7호선,서울교통공사,남성,서울특별시 동작구 사당로 지하218(사당동),37.484688,126.971108,10371,10025
0738,서울,7호선,서울교통공사,숭실대입구,서울특별시 동작구 상도로 지하378(상도동),37.496258,126.953649,11510,11596
0739,서울,7호선,서울교통공사,상도,서울특별시 동작구 상도로 지하272(상도1동),37.50279,126.947949,11116,10727
0740,서울,7호선,서울교통공사,장승배기,서울특별시 동작구 상도로 지하188(상도동),37.504845,126.939025,9205,9018
0741,서울,7호선,서울교통공사,신대방삼거리,서울특별시 동작구 상도로 지하76(대방동),37.499717,126.928218,14132,13798
0742,서울,7호선,서울교통공사,보라매,서울특별시 동작구 상도로 지하2(대방동),37.499916,126.920112,6211,6447
0743,서울,7호선,서울교통공사,신풍,서울특별시 영등포구 신풍로 지하27(신길동),37.500107,126.909806,11289,10752
0744,서울,7호선,서울교통공사,대림,서울특별시 영등포구 도림로 지하137(대림동),37.492984,126.896997,9020,9011
0745,서울,7호선,서울교통공사,남구로,서울특별시 구로구 도림로 지하7(구로동),37.486181,126.887372,13950,14703
0746,서울,7호선,서울교통공사,가산디지털단지,서울특별시 금천구 벚꽃로 309(가산동),37.480376,126.882704,38780,38443
0747,경기,7호선,서울교통공사,철산,경기도 광명시 철산로 지하13(철산동),37.47616,126.868217,20993,21492
0748,경기,7호선,서울교통공사,광명사거리,경기도 광명시 오리로 지하980(광명동),37.47927,126.854854,20852,20758
0749,서울,7호선,서울교통공사,천왕,서울특별시 구로구 오리로 지하1154(천왕동),37.486699,126.838684,10635,10345
0750,서울,7호선,서울교통공사,온수,서울특별시 구로구 경인로3길 지하64(온수동),37.492059,126.823294,8314,7615
3753,경기,7호선,인천교통공사,까치울,경기도 부천시 원미구 길주로 지하 626 (춘의동),37.506236,126.81095,5763,5597
3754,경기,7호선,인천교통공사,부천종합운동장,경기도 부천시 원미구 길주로 지하 502 (춘의동),37.505381,126.79735,2614,2666
3755,경기,7호선,인천교통공사,춘의,경기도 부천시 원미구 길주로 지하 406 (춘의동),37.50365,126.787069,9141,8981
3756,경기,7호선,인천교통공사,신중동,경기도 부천시 원미구 길주로 지하 314 (중동),37.503081,126.776161,14659,14824
3757,경기,7호선,인천교통공사,부천시청,경기도 부천시 원미구 길주로 지하 202 (중동),37.504611,126.763561,13773,13793
3758,경기,7호선,인천교통공사,상동,경기도 부천시 원미구 길주로 지하 104 (상동),37.505769,126.753081,14192,14528
3759,인천,7호선,인천교통공사,삼산체육관,인천광역시 부평구 길주로 지하 713 (삼산동),37.506431,126.742081,5879,5459
3760,인천,7호선,인천교통공사,굴포천,인천광역시 부평구 길주로 지하 623 (삼산동),37.50695,126.731481,9074,9330
3761,인천,7호선,인천교통공사,부평구청,인천광역시 부평구 길주로 지하 527 (갈산동),37.507523,126.721356,6513,6108
3762,인천,7호선,인천교통공사,산곡,인천광역시 부평구 길주로 지하 379 (산곡동),37.508547,126.70351,9733,9112
3763,인천,7호선,인천교통공사,석남,인천광역시 서구 길주로 지하 120 (석남동),37.506208,126.676213,7477,6640
0804,경기,8호선,남양주도시공사,별내,경기도 남양주시 경춘북로 375(별내동),37.642517,127.1273,7747,7187
0805,경기,8호선,남양주도시공사,다산,경기도 남양주 다산중앙로 123번길(다산동),37.62437,127.1498,9730,9500
0806,경기,8호선,구리도시공사,동구릉,경기도 구리시 동구릉로 135(인창동 679-8),37.611309,127.138048,9429,9195
0807,경기,8호선,구리도시공사,구리,경기도 구리시 건원대로34번길 32-29 (인창동),37.603795,127.1418,10166,10131
0808,경기,8호선,구리도시공사,장자호수공원,경기도 구리시 장자대로 67 (수택동),37.58722,127.13778,6455,6184
0809,서울,8호선,서울교통공사,암사역사공원,서울시 강동구 아리수로 27번길 2,37.557167,127.137556,6246,5497
0810,서울,8호선,서울교통공사,암사,서울특별시 강동구 올림픽로 지하776(암사동),37.550127,127.127521,15139,14208
0811,서울,8호선,서울교통공사,천호,서울특별시 강동구 천호대로 지하997(천호동),37.53792,127.123179,17435,19833
0812,서울,8호선,서울교통공사,강동구청,서울특별시 강동구 올림픽로 지하550(성내동),37.530348,127.120461,10139,10432
0813,서울,8호선,서울교통공사,몽촌토성,서울특별시 송파구 올림픽로 지하383(신천동),37.517692,127.11274,7358,7636
0814,서울,8호선,서울교통공사,잠실,서울특별시 송파구 올림픽로 305(신천동),37.5142827,127.1031312,20260,22906
0815,서울,8호선,서울교통공사,석촌,서울특별시 송파구 송파대로 지하439(석촌동),37.505396,127.106995,8945,10075
0816,서울,8호선,서울교통공사,송파,서울특별시 송파구 송파대로 지하354(가락동),37.49978,127.11212,9442,9426
0817,서울,8호선,서울교통공사,가락시장,서울특별시 송파구 송파대로 지하257(가락동),37.493004,127.118279,8404,9133
0818,서울,8호선,서울교통공사,문정,서울특별시 송파구 송파대로 지하179(문정동),37.485931,127.122473,21214,21995
0819,서울,8호선,서울교통공사,장지,서울특별시 송파구 송파대로 지하82(장지동),37.478609,127.126229,16393,15301
0820,서울,8호선,서울교통공사,복정,서울특별시 송파구 송파대로 지하6(장지동),37.471016,127.126746,8689,7413
0821,경기,8호선,서울교통공사,남위례,경기도 성남시 수정구 공원로 601(복정동),37.462839,127.139047,7070,6996
0822,경기,8호선,서울교통공사,산성,경기도 성남시 수정구 수정로 지하365(신흥동),37.456886,127.149927,5674,5781
0823,경기,8호선,서울교통공사,남한산성입구,경기도 성남시 수정구 산성대로 지하445(단대동),37.451568,127.159845,11284,10104
0824,경기,8호선,서울교통공사,단대오거리,경기도 성남시 수정구 산성대로 지하365(신흥동),37.445057,127.156735,10967,10728
0825,경기,8호선,서울교통공사,신흥,경기도 성남시 수정구 산성대로 지하280(신흥동),37.440952,127.14759,5221,5332
0826,경기,8호선,서울교통공사,수진,경기도 성남시 수정구 산성대로 지하200(수진동),37.437575,127.140936,5218,4826
0827,경기,8호선,서울교통공사,모란,경기도 성남시 수정구 산성대로 지하100(수진동),37.433988,127.129921,4875,3928
4101,서울,9호선,서울시메트로9호선(주),개화,서울특별시 강서구 개화동로8길 19,37.578611,126.798333,2232,1526
4102,서울,9호선,서울시메트로9호선(주),김포공항,서울특별시 강서구 하늘길 지하77,37.562056,126.801633,5969,11110
4103,서울,9호선,서울시메트로9호선(주),공항시장,서울특별시 강서구 방화동로 지하30,37.563611,126.810278,2627,2867
4104,서울,9호선,서울시메트로9호선(주),신방화,서울특별시 강서구 방화대로 지하301,37.5675,126.816667,6538,6459
4105,서울,9호선,서울시메트로9호선(주),마곡나루,서울특별시 강서구 마곡중앙5로 지하2,37.566717,126.8276071,14362,13904
4106,서울,9호선,서울시메트로9호선(주),양천향교,서울특별시 강서구 양천로 지하341,37.568333,126.841389,10141,10356
4107,서울,9호선,서울시메트로9호선(주),가양,서울특별시 강서구 양천로 지하485,37.561111,126.855078,20626,20331
4108,서울,9호선,서울시메트로9호선(주),증미,서울특별시 강서구 양천로 지하560,37.55785,126.861067,7435,7241
4109,서울,9호선,서울시메트로9호선(주),등촌,서울특별시 강서구 공항대로 지하529,37.551111,126.864722,12056,11839
4110,서울,9호선,서울시메트로9호선(주),염창,서울특별시 강서구 공항대로 지하631,37.546944,126.874722,16987,16310
4111,서울,9호선,서울시메트로9호선(주),신목동,서울특별시 양천구 목동중앙로 지하217,37.544167,126.883056,4204,3789
4112,서울,9호선,서울시메트로9호선(주),선유도,서울특별시 영등포구 양평로 지하124,37.537778,126.893889,8607,7991
4113,서울,9호선,서울시메트로9호선(주),당산,서울특별시 영등포구 양평로 지하40,37.533844,126.902222,18317,17743
4114,서울,9호선,서울시메트로9호선(주),국회의사당,서울특별시 영등포구 국회대로 지하758,37.528611,126.9175,16402,16472
4115,서울,9호선,서울시메트로9호선(주),여의도,서울특별시 영등포구 의사당대로 지하101 (여의도동),37.521744,126.924167,28573,27161
4116,서울,9호선,서울시메트로9호선(주),샛강,서울특별시 영등포구 의사당대로 지하166,37.5173,126.9284,6135,6089
4117,서울,9호선,서울시메트로9호선(주),노량진,서울특별시 동작구 노량진로 지하130,37.513667,126.940917,26279,26079
4118,서울,9호선,서울시메트로9호선(주),노들,서울특별시 동작구 노량진로 지하238 (본동),37.512726,126.953096,4549,3852
4119,서울,9호선,서울시메트로9호선(주),흑석,서울특별시 동작구 현충로 지하90 (흑석동),37.508889,126.963611,8501,8651
4120,서울,9호선,서울시메트로9호선(주),동작,서울특별시 동작구 현충로 지하220 (동작동),37.502878,126.978278,1993,1754
4121,서울,9호선,서울시메트로9호선(주),구반포,서울특별시 서초구 신반포로 지하17,37.501389,126.987222,1982,1783
4122,서울,9호선,서울시메트로9호선(주),신반포,서울특별시 서초구 신반포로 지하105,37.503487,126.996017,4472,4316
4123,서울,9호선,서울시메트로9호선(주),고속터미널,서울특별시 서초구 신반포로 지하188,37.505933,127.004044,14468,20139
4124,서울,9호선,서울시메트로9호선(주),사평,서울특별시 서초구 사평대로 지하285,37.504448,127.014759,3864,3792
4125,서울,9호선,서울시메트로9호선(주),신논현,서울특별시 강남구 봉은사로 지하102,37.504444,127.024417,30828,31625
4126,서울,9호선,서울시메트로9호선(주),언주,서울특별시 강남구 봉은사로 201,37.507287,127.033868,11178,11303
4127,서울,9호선,서울시메트로9호선(주),선정릉,서울특별시 강남구 선릉로 580,37.51028,127.0437593,9275,9989
4128,서울,9호선,서울시메트로9호선(주),삼성중앙,서울특별시 강남구 봉은사로 501,37.513011,127.053282,7463,7766
4129,서울,9호선,서울시메트로9호선(주),봉은사,서울특별시 강남구 봉은사로 601,37.514219,127.060245,20789,21998
4130,서울,9호선,서울시메트로9호선(주),종합운동장,서울특별시 송파구 올림픽로 23,37.511156,127.076917,6808,6766
4131,서울,9호선,서울시메트로9호선(주),삼전,서울특별시 송파구 백제고분로 지하 187,37.504531,127.087211,8366,8000
4132,서울,9호선,서울시메트로9호선(주),석촌고분,서울특별시 송파구 삼학사로 지하 53,37.502439,127.096611,7381,7242
4133,서울,9호선,서울시메트로9호선(주),석촌,서울특별시 송파구 석촌동 209,37.505078,127.106944,9384,8518
4134,서울,9호선,서울시메트로9호선(주),송파나루,서울특별시 송파구 백제고분로 지하 446,37.51055,127.112451,6118,6518
4135,서울,9호선,서울시메트로9호선(주),한성백제,서울특별시 송파구 위례성대로 지하 51,37.516369,127.116211,3160,2838
4136,서울,9호선,서울시메트로9호선(주),올림픽공원,서울특별시 송파구 양재대로 지하 1233,37.516111,127.130333,8358,8328
4137,서울,9호선,서울시메트로9호선(주),둔촌오륜,서울특별시 강동구 강동대로 지하 327,37.519339,127.138619,4204,4169
4138,서울,9호선,서울시메트로9호선(주),중앙보훈병원,서울특별시 강동구 명일로 지하 117,37.528807,127.148488,11577,10025
1501,경기,경강선,한국철도공사,판교,경기도 성남시 분당구 판교역로 160,37.394798,127.111135,5559,5365
1502,경기,경강선,한국철도공사,성남,경기도 성남시 분당구 백현동 545-1,37.394709,127.11949,1250,1129
1503,경기,경강선,한국철도공사,이매,경기도 성남시 분당구 성남대로 738,37.394736,127.127048,914,823
1504,경기,경강선,한국철도공사,삼동,경기도 광주시 순암로 451,37.408731,127.203447,2104,2022
1505,경기,경강선,한국철도공사,경기광주,경기도 광주시 광주역로 10 경기광주역사,37.398974,127.253201,7317,7059
1506,경기,경강선,한국철도공사,초월,경기도 광주시 초월읍 경충대로 1066,37.373389,127.299996,3392,3167
1507,경기,경강선,한국철도공사,곤지암,경기도 광주시 곤지암천로 333,37.350525,127.346186,2091,2003
1508,경기,경강선,한국철도공사,신둔도예촌,경기도 이천시 신둔면 남정로 55,37.315499,127.405251,1323,1254
1509,경기,경강선,한국철도공사,이천,경기도 이천시 이섭대천로 1063,37.264222,127.442135,2760,2904
1510,경기,경강선,한국철도공사,부발,경기도 이천시 부발읍 신아로 87,37.260411,127.490303,2259,2155
1511,경기,경강선,한국철도공사,세종대왕릉,경기도 여주시 능서면 양화로 877,37.293636,127.570764,298,290
1512,경기,경강선,한국철도공사,여주,경기도 여주시 교동로 80(교동 403-1),37.282881,127.628571,2734,2655
1166,경기,경의중앙선,한국철도공사,임진강,경기도 파주시 문산읍 임진각로 115(문산읍),37.888364,126.746777,14,11
1167,경기,경의중앙선,한국철도공사,운천,경기도 파주시 문산읍 통일로2033번길3,37.880008,126.769713,5,4
1168,경기,경의중앙선,한국철도공사,문산,경기도 파주시 문산읍 문산역로 94,37.854565,126.787531,5149,4999
1169,경기,경의중앙선,한국철도공사,파주,경기도 파주시 파주읍 주라위길 38,37.815391,126.792426,957,791
1170,경기,경의중앙선,한국철도공사,월롱,경기도 파주시 월롱면 통일로 980,37.796201,126.792574,1671,1453
1171,경기,경의중앙선,한국철도공사,금촌,경기도 파주시 새꽃로 193,37.766106,126.774515,5845,5677
1172,경기,경의중앙선,한국철도공사,금릉,경기도 파주시 금릉역로85,37.751295,126.765401,4432,4283
1173,경기,경의중앙선,한국철도공사,운정,경기도 파주시 운정역길 368(야당동 299-4번지),37.725441,126.767076,6757,6310
1174,경기,경의중앙선,한국철도공사,야당,경기도 파주시 소리천로 10,37.712749,126.761535,7081,7277
1175,경기,경의중앙선,한국철도공사,탄현,경기도 고양시 일산서구 경의로 856(덕이동),37.694114,126.761075,6868,6621
1176,경기,경의중앙선,한국철도공사,일산,경기도 고양시 일산서구 경의로 672,37.682231,126.769521,9096,8915
1177,경기,경의중앙선,한국철도공사,풍산,경기도 고양시 일산동구 경의로 486(풍동),37.672173,126.786355,5807,5538
1178,경기,경의중앙선,한국철도공사,백마,경기도 고양시 일산동구 경의로 318(풍동 482-8),37.658346,126.794401,6550,6405
1179,경기,경의중앙선,한국철도공사,곡산,경기도 고양시 일산동구 경의로 160(백석동),37.645729,126.801877,473,493
1180,경기,경의중앙선,한국철도공사,대곡,경기도 고양시 덕양구 대주로 107번길 71-81(대장동 420-1),37.631629,126.810225,9956,8957
1181,경기,경의중앙선,한국철도공사,능곡,경기도 고양시 덕양구 토당로 35(토당동 454-3),37.618741,126.820845,3906,3755
1182,경기,경의중앙선,한국철도공사,행신,경기도 고양시 덕양구 행신동 충경로 124번지(행신2동 812),37.612125,126.834063,6803,6882
1183,경기,경의중앙선,한국철도공사,강매,경기도 고양시 덕양구 소원로 202,37.612396,126.844537,2893,2475
1184,경기,경의중앙선,한국철도공사,한국항공대,경기도 고양시 덕양구 화랑로 53(화전동 183-10),37.603102,126.868291,1561,1430
1185,서울,경의중앙선,한국철도공사,수색,서울시 은평구 수색로 261-1,37.580855,126.895681,2929,2980
1186,서울,경의중앙선,한국철도공사,디지털미디어시티,서울시 은평구 수색로 193(수색동 37-2),37.577964,126.900421,2388,2268
1187,서울,경의중앙선,한국철도공사,가좌,서울시 서대문구 수색로 27(남가좌동),37.568611,126.914841,5609,5483
1187-1,서울,경의중앙선,한국철도공사,신촌,서울특별시 서대문구 신촌역로 30 신촌민자역사,37.559768,126.942308,866,1068
1187-2,서울,경의중앙선,한국철도공사,서울역,서울시 중구 한강대로 405,37.556713,126.971387,2854,3678
1188,서울,경의중앙선,한국철도공사,홍대입구,서울시 마포구 양화로 지하 188,37.55758,126.926833,2182,2626
1189,서울,경의중앙선,한국철도공사,서강대,서울시 마포구 서강로 지하 118,37.552132,126.935389,1968,1946
1190,서울,경의중앙선,한국철도공사,공덕,서울시 마포구 공덕동 마포대로 92,37.542611,126.952134,4017,3101
1191,서울,경의중앙선,한국철도공사,효창공원앞,서울시 용산구 용문동 5-157,37.538789,126.962339,2891,3267
1192,서울,경의중앙선,한국철도공사,용산,서울시 용산구 한강대로 23길 55(한강로 3가 40-999),37.52989,126.964775,46517,46610
1193,서울,경의중앙선,한국철도공사,이촌,서울시 용산구 이촌로 71길 42,37.522476,126.973816,3715,3008
1194,서울,경의중앙선,한국철도공사,서빙고,서울시 용산구 서빙고로 238(서빙고동 241-11),37.51961,126.988358,2105,2012
1195,서울,경의중앙선,한국철도공사,한남,서울시 용산구 독서당로6길 12-13(한남동),37.529361,127.008984,3448,3444
1196,서울,경의중앙선,한국철도공사,옥수,서울시 성동구 동호로 지하21(옥수동),37.540514,127.018698,49,32
1197,서울,경의중앙선,한국철도공사,응봉,서울시 성동구 고산자로 123(응봉동),37.550433,127.034824,1629,1417
1198,서울,경의중앙선,한국철도공사,왕십리,서울시 성동구 왕십리 광장로 17(행당동),37.561728,127.038405,15950,16251
1199,서울,경의중앙선,한국철도공사,청량리,서울시 동대문구 왕산로 214,37.580543,127.048077,17537,17396
1200,서울,경의중앙선,한국철도공사,회기,서울시 동대문구 회기로196(휘경동 317-101),37.589802,127.057936,23581,22554
1201,서울,경의중앙선,한국철도공사,중랑,서울특별시 중랑구 중랑역로 9,37.594948,127.076152,5295,5062
1202,서울,경의중앙선,한국철도공사,상봉,서울시 중랑구 망우로 297(상봉1동 100-9번지),37.596754,127.085553,5478,5455
1203,서울,경의중앙선,한국철도공사,망우,서울시 중랑구 망우로 55길 11-10,37.599288,127.092318,7222,7073
1204,서울,경의중앙선,한국철도공사,양원,서울시 중랑구 송림길 147(망우동),37.606657,127.107906,2715,2660
1205,경기,경의중앙선,한국철도공사,구리,경기도 구리시 건원대로 34번길 32-29(인창동 244-2),37.6037948,127.1417998,6866,7442
1206,경기,경의중앙선,한국철도공사,도농,경기도 남양주시 경춘로 433(도농동 56-1),37.608756,127.161105,8408,7898
1207,경기,경의중앙선,한국철도공사,양정,경기도 남양주시 경강로 237(이패동 398-32),37.604269,127.194602,11977,12120
1208,경기,경의중앙선,한국철도공사,덕소,경기도 남양주시 와부읍 덕서로 56(덕소리 590-17),37.586892,127.208835,4909,4943
1209,경기,경의중앙선,한국철도공사,도심,경기도 남양주시 와부읍 덕소로 237(도곡리 1024-2),37.579628,127.222798,2494,2007
1210,경기,경의중앙선,한국철도공사,팔당,경기도 남양주시 와부읍 팔당로 107번길,37.547321,127.243896,681,705
1211,경기,경의중앙선,한국철도공사,운길산,경기도 남양주시 조안면 운길산로 20,37.554659,127.310089,476,451
1212,경기,경의중앙선,한국철도공사,양수,경기도 양평군 양서면 목왕로 55-10,37.545998,127.328948,1433,1421
1213,경기,경의중앙선,한국철도공사,신원,경기도 양평군 양서면 신원역길 7 _x000D_,37.525921,127.372745,140,125
1214,경기,경의중앙선,한국철도공사,국수,경기도 양평군 양서면 국수역길 45,37.516171,127.399402,574,574
1215,경기,경의중앙선,한국철도공사,아신,경기도 양평군 옥천면 아신역길 1길 23-3,37.513954,127.443238,453,457
1216,경기,경의중앙선,한국철도공사,오빈,경기도 양평군 양평읍 덕바위길 58,37.506061,127.474053,263,259
1217,경기,경의중앙선,한국철도공사,양평,경기도 양평군 양평읍 역전길 30,37.492674,127.491858,2936,2971
1218,경기,경의중앙선,한국철도공사,원덕,경기도 양평군 양평읍 원덕흑천길 138,37.468585,127.547468,288,275
1219,경기,경의중앙선,한국철도공사,용문,경기도 양평군 용문면 다문리 748-2,37.482085,127.594251,1789,1810
1220,경기,경의중앙선,한국철도공사,지평,경기도 양평군 지평면 지평역길 32,37.476496,127.629681,42,44
1203,서울,경춘선,한국철도공사,망우,서울시 중랑구 망우로 55길 11-10,37.599988,127.092031,7222,7073
1311,서울,경춘선,한국철도공사,신내,서울시 중랑구 망우동 320-2,37.612855,127.103277,2586,2447
1312,경기,경춘선,한국철도공사,갈매,경기도 구리시 갈매동 경춘북로 229(갈매동 502-18),37.634135,127.114803,2456,2217
1313,경기,경춘선,한국철도공사,별내,경기도 남양주시 경춘북로 375(별내동 182-5),37.642221,127.127208,2202,1986
1314,경기,경춘선,한국철도공사,퇴계원,경기도 남양주시 퇴계원면 경춘북로 545(퇴계원리 218-8),37.648316,127.143858,3035,2809
1315,경기,경춘선,한국철도공사,사릉,경기도 남양주시 진건읍 진건우회로 72-8(사능리 590-2),37.651145,127.176839,1797,1756
1316,경기,경춘선,한국철도공사,금곡,경기도 남양주시 경춘로 903(금곡동 404-276),37.637414,127.207931,2281,1832
1317,경기,경춘선,한국철도공사,평내호평,경기도 남양주시 경춘로 1375(평내동 156),37.653229,127.244452,5640,5493
1318,경기,경춘선,한국철도공사,천마산,경기도 남양주시 화도읍 묵현로 25번길 37,37.658995,127.285731,1399,1339
1319,경기,경춘선,한국철도공사,마석,경기도 남양주시 화도읍 마석우리 241-4,37.652328,127.311713,3552,3420
1320,경기,경춘선,한국철도공사,대성리,경기도 가평군 청평면 경춘로 88(대성리 393),37.683909,127.379165,506,502
1321,경기,경춘선,한국철도공사,청평,경기도 가평군 청평면 청평역로 97-33(청평리 125-1),37.735484,127.426541,1536,1476
1322,경기,경춘선,한국철도공사,상천,경기도 가평군 청평면 상천역로 29(상천리 1261),37.770305,127.4542,203,182
1323,경기,경춘선,한국철도공사,가평,경기도 가평군 가평읍 문화로 13-42(달전리 567),37.814515,127.510693,1669,1656
1324,강원,경춘선,한국철도공사,굴봉산,강원도 춘천시 남산면 서백길 192(백양리 588-30),37.832086,127.557732,87,118
1325,강원,경춘선,한국철도공사,백양리,강원도 춘천시 남산면 북한강변길 690(강촌리 680-7),37.830881,127.589085,352,300
1326,강원,경춘선,한국철도공사,강촌,강원도 춘춘시 남산면 강촌로 150(방곡리 409),37.805728,127.634054,319,319
1327,강원,경춘선,한국철도공사,김유정,강원도 춘천시 신동면 김유정로 1435(신동면 증리 859-3),37.818475,127.714302,338,329
1328,강원,경춘선,한국철도공사,남춘천,강원도 춘천시 영서로 2260(퇴계동 633-2),37.864071,127.723761,2584,2635
1329,강원,경춘선,한국철도공사,춘천,강원도 춘천시 평화로 1(근화동 190),37.884391,127.716603,1268,1085
A01,서울,공항철도,공항철도주식회사,서울역,서울특별시 용산구 청파로 378,37.55301784,126.9697643,13079,11878
A02,서울,공항철도,공항철도주식회사,공덕,서울특별시 마포구 마포대로 92,37.54284055,126.9513301,2975,4028
A03,서울,공항철도,공항철도주식회사,홍대입구,서울특별시 마포구 양화로 188,37.55774103,126.9264939,16020,15060
A04,서울,공항철도,공항철도주식회사,디지털미디어시티,서울특별시 마포구 성암로 184,37.577355,126.898025,13339,12476
A042,서울,공항철도,공항철도주식회사,마곡나루,서울특별시 강서구 마곡중앙로 지하 135,37.56581914,126.8276358,13467,12879
A05,서울,공항철도,공항철도주식회사,김포공항,서울특별시 강서구 하늘길 77,37.56211652,126.8015442,9758,5097
A06,인천,공항철도,공항철도주식회사,계양,인천광역시 계양구 다남로 24,37.57160721,126.736023,8352,8391
A07,인천,공항철도,공항철도주식회사,검암,인천광역시 서구 검바위로 26,37.56915547,126.6735357,5623,5469
A071,인천,공항철도,공항철도주식회사,청라국제도시,인천광역시 서구 에코로 163,37.556509,126.624725,7059,6781
A072,인천,공항철도,공항철도주식회사,영종,인천광역시 중구 백운로414번길 75,37.51209814,126.5242471,4235,4252
A08,인천,공항철도,공항철도주식회사,운서,인천광역시 중구 흰바위로59번길 26,37.49284463,126.4936619,9463,10107
A09,인천,공항철도,공항철도주식회사,공항화물청사,인천광역시 중구 공항동로135번길 86,37.45902611,126.4774333,1816,2142
A10,인천,공항철도,공항철도주식회사,인천공항1터미널,인천광역시 중구 공항로 271,37.44760672,126.4523433,13776,13544
A11,인천,공항철도,공항철도주식회사,인천공항2터미널,인천광역시 중구 공항로 272,37.46866,126.433415,10118,8402
100,광주,광주1호선,광주교통공사,녹동,광주광역시 동구 녹동길 45(용산동),35.107028,126.933932,162,120
101,광주,광주1호선,광주교통공사,소태,광주광역시 동구 남문로 지하 587(소태동),35.124108,126.932013,2079,1923
102,광주,광주1호선,광주교통공사,학동증심사입구,광주광역시 동구 남문로 지하 700(학동),35.133023,126.928382,0,0
103,광주,광주1호선,광주교통공사,남광주,광주광역시 동구 제봉로 지하 14(학동),35.1389849,126.92318,3482,3531
104,광주,광주1호선,광주교통공사,문화전당,광주광역시 동구 문화전당로 26번길 지하 7(광산동),35.14661,126.92005,3036,3158
105,광주,광주1호선,광주교통공사,금남로4가,광주광역시 동구 금남로 지하 210(금남로4가),35.150976,126.914446,3884,3813
106,광주,광주1호선,광주교통공사,금남로5가,광주광역시 북구 금남로 지하 138(북동),35.153658,126.910033,1931,1867
107,광주,광주1호선,광주교통공사,양동시장,광주광역시 서구 경열로 지하 152(양동),35.154176,126.901089,2118,2101
108,광주,광주1호선,광주교통공사,돌고개,광주광역시 서구 경열로 지하 87(농성동),35.152047,126.895637,1727,1712
109,광주,광주1호선,광주교통공사,농성,광주광역시 서구 상무대로 지하 1123(농성동),35.153363,126.883973,2771,2562
110,광주,광주1호선,광주교통공사,화정,광주광역시 서구 상무대로 지하 1041(화정동),35.152085,126.876698,1955,1613
111,광주,광주1호선,광주교통공사,쌍촌,광주광역시 서구 상무대로 지하 983(쌍촌동),35.151793,126.869519,2429,1929
112,광주,광주1호선,광주교통공사,운천,광주광역시 서구 상무대로 지하 883(쌍촌동),35.150486,126.858694,3101,3012
113,광주,광주1호선,광주교통공사,상무,광주광역시 서구 상무대로 지하 777(마륵동),35.146784,126.848641,3910,4032
114,광주,광주1호선,광주교통공사,김대중컨벤션센터,광주광역시 서구 상무대로 지하 705(마륵동),35.143214,126.841442,1159,1159
115,광주,광주1호선,광주교통공사,공항,광주광역시 광산구 상무대로 지하 416-99(신촌동),35.144179,126.81153,1016,899
116,광주,광주1호선,광주교통공사,송정공원,광주광역시 광산구 상무대로 지하 314-99(송정동),35.143565,126.799245,2434,2360
117,광주,광주1호선,광주교통공사,광주송정,광주광역시 광산구 상무대로 지하 201-99(송정동),35.137529,126.791488,4895,4637
118,광주,광주1호선,광주교통공사,도산,광주광역시 광산구 상무대로 지하 125-99(도산동),35.131713,126.787942,1547,1328
119,광주,광주1호선,광주교통공사,평동,광주광역시 광산구 평동로 870(월전동),35.1247,126.769586,1874,1876
G100,경기,김포골드라인,김포골드라인에스알에스㈜,양촌,경기도 김포시 양촌읍 양촌역길 107,37.641639,126.614694,416,307
G101,경기,김포골드라인,김포골드라인에스알에스㈜,구래,경기도 김포시 김포한강7로 87,37.645354,126.6285,9066,8338
G102,경기,김포골드라인,김포골드라인에스알에스㈜,마산,경기도 김포시 김포한강3로 지하 442,37.640606,126.643944,2648,2411
G103,경기,김포골드라인,김포골드라인에스알에스㈜,장기,경기도 김포시 김포한강1로 지하 59,37.644028,126.669,7417,6981
G104,경기,김포골드라인,김포골드라인에스알에스㈜,운양,경기도 김포시 김포한강1로 지하 235,37.653861,126.683833,5161,4711
G105,경기,김포골드라인,김포골드라인에스알에스㈜,걸포북변,경기도 김포시 김포대로 지하 1040,37.631639,126.70575,4604,4137
G106,경기,김포골드라인,김포골드라인에스알에스㈜,사우,경기도 김포시 김포대로 지하 852,37.620361,126.719722,6808,6689
G107,경기,김포골드라인,김포골드라인에스알에스㈜,풍무,경기도 김포시 김포대로 지하 710,37.612333,126.732583,4932,5044
G108,경기,김포골드라인,김포골드라인에스알에스㈜,고촌,경기도 김포시 고촌읍 김포대로 지하 350,37.60125,126.770361,4944,5252
G109,서울,김포골드라인,김포골드라인에스알에스㈜,김포공항,서울특별시 강서구 하늘길 지하 77,37.562309,126.801833,2117,937
7001,경북,대경선,한국철도공사,구미,경북 구미시 구미중앙로 76,36.1282,128.331,2385,2154
7002,경북,대경선,한국철도공사,사곡,경북 구미시 상사서로 173-16,36.098508,128.356416,1511,1597
7004,경북,대경선,한국철도공사,왜관,경북 칠곡군 왜관읍 중앙로8길 10,35.991821,128.400391,1359,1462
7005,대구,대경선,한국철도공사,서대구,대구 서구 와룡로 527,35.881734,128.540121,899,994
7006,대구,대경선,한국철도공사,대구,대구 북구 태평로 161,35.876,128.5961,2785,2938
7007,대구,대경선,한국철도공사,동대구,대구 동구 동대구로 550,35.8791,128.628652,2774,2441
7008,경북,대경선,한국철도공사,경산,경북 경산시 중앙로1,35.8192,128.7276,2032,1982
0115,대구,대구1호선,대구교통공사,설화명곡,달성군 화원읍 비슬로 2476,35.7986179,128.4893927,4519,3913
0116,대구,대구1호선,대구교통공사,화원,달성군 화원읍 비슬로 지하2600,35.804349,128.500409,3762,3753
0117,대구,대구1호선,대구교통공사,대곡,달서구 비슬로 지하2718 (대곡동),35.809571,128.51257,4204,3810
0118,대구,대구1호선,대구교통공사,진천,달서구 월배로 지하76 (진천동),35.813815,128.522374,7396,7266
0119,대구,대구1호선,대구교통공사,월배,달서구 월배로 지하143 (진천동),35.816123,128.530119,4060,4110
0120,대구,대구1호선,대구교통공사,상인,달서구 월배로 지하223 (상인동),35.8188583,128.5375588,10076,9583
0121,대구,대구1호선,대구교통공사,월촌,달서구 월배로 지하311 (송현동),35.823695,128.545465,3534,3608
0122,대구,대구1호선,대구교통공사,송현,달서구 월배로 지하412 (송현동),35.831092,128.551755,3111,3230
0123,대구,대구1호선,대구교통공사,서부정류장,남구 월배로 지하501 (대명동),35.8373375,128.5570702,0,0
0124,대구,대구1호선,대구교통공사,대명,남구 대명로 지하71 (대명동),35.8392924,128.5652846,3794,3917
0125,대구,대구1호선,대구교통공사,안지랑,남구 대명로 지하141 (대명동),35.8392,128.574,3490,3413
0126,대구,대구1호선,대구교통공사,현충로,남구 대명로 지하222 (대명동),35.84072,128.58085,2714,2698
0127,대구,대구1호선,대구교통공사,영대병원,남구 대명로 지하292 (대명동),35.8442516,128.5882407,4793,5037
0128,대구,대구1호선,대구교통공사,교대,남구 중앙대로 지하194 (대명동),35.8510953,128.590643,3440,3261
0129,대구,대구1호선,대구교통공사,명덕,중구 명덕로 지하185 (남산동),35.857382,128.59088,2758,3006
0130,대구,대구1호선,대구교통공사,반월당,중구 달구벌대로 지하2100 (덕산동),35.86389,128.593312,10219,13325
0131,대구,대구1호선,대구교통공사,중앙로,중구 중앙대로 지하424 (남일동),35.870873,128.593888,14640,15480
0132,대구,대구1호선,대구교통공사,대구,북구 칠성남로30길 지하24 (칠성동),35.876379,128.596919,7684,7264
0133,대구,대구1호선,대구교통공사,칠성시장,북구 칠성남로 지하222 (칠성동),35.876159,128.604885,0,0
0134,대구,대구1호선,대구교통공사,신천,동구 동부로 지하41 (신천동),35.874527,128.617244,4433,4305
0135,대구,대구1호선,대구교통공사,동대구,동구 동대구로 지하530 (신천동),35.877626,128.627152,17369,17574
0136,대구,대구1호선,대구교통공사,동구청,동구 신암남로 지하169 (신암동),35.884485,128.632295,2993,2884
0137,대구,대구1호선,대구교통공사,아양교,동구 아양로 지하245 (신암동),35.887208,128.639572,4223,3984
0138,대구,대구1호선,대구교통공사,동촌,동구 해동로 지하197 (검사동),35.886039,128.650455,1962,1980
0139,대구,대구1호선,대구교통공사,해안,동구 동촌로 지하167 (방촌동),35.883765,128.659079,2242,2169
0140,대구,대구1호선,대구교통공사,방촌,동구 동촌로 지하275 (방촌동),35.879929,128.669767,2997,3085
0141,대구,대구1호선,대구교통공사,용계,동구 동촌로 지하383 (용계동),35.876256,128.681414,1880,1625
0142,대구,대구1호선,대구교통공사,율하,동구 안심로 지하57 (율하동),35.869751,128.692775,3810,3816
0143,대구,대구1호선,대구교통공사,신기,동구 안심로 지하159 (신기동),35.866761,128.701724,3427,3236
0144,대구,대구1호선,대구교통공사,반야월,동구 안심로 지하261 (동호동),35.865948,128.713663,2545,2555
0145,대구,대구1호선,대구교통공사,각산,동구 안심로 지하363 (신서동),35.867852,128.723843,3838,3716
0146,대구,대구1호선,대구교통공사,안심,동구 안심로 지하455 (괴전동),35.8712,128.7338,3421,3050
0147,대구,대구1호선,대구교통공사,대구한의대병원,동구 안심로 610 (사복동),35.8717089,128.7508237,668,701
0148,대구,대구1호선,대구교통공사,부호,경산시 하양읍 대경로 528,35.9002809,128.8031144,836,1118
0149,대구,대구1호선,대구교통공사,하양,경산시 하양읍 하양역길 3,35.9094258,128.8175403,3106,2971
0216,대구,대구2호선,대구교통공사,문양,달성군 다사읍 문양역길 71,35.86414313,128.4370043,2179,2167
0217,대구,대구2호선,대구교통공사,다사,달성군 다사읍 다사역로 지하30,35.86495301,128.4582876,3205,3020
0218,대구,대구2호선,대구교통공사,대실,달성군 다사읍 달구벌대로 지하888,35.8573333,128.4656264,6163,6113
0219,대구,대구2호선,대구교통공사,강창,달서구 달구벌대로 지하1014 (호산동),35.8531116,128.4789997,5206,4925
0220,대구,대구2호선,대구교통공사,계명대,달서구 달구벌대로 지하1140 (신당동),35.85146491,128.491969,4623,4456
0221,대구,대구2호선,대구교통공사,성서산업단지,달서구 달구벌대로 지하1280 (이곡동),35.8518236,128.5071662,4353,4279
0222,대구,대구2호선,대구교통공사,이곡,달서구 달구벌대로 지하1357 (이곡동),35.85062003,128.5157686,3217,2850
0223,대구,대구2호선,대구교통공사,용산,달서구 달구벌대로 지하1476 (용산동),35.84912,128.5287686,6092,6060
0224,대구,대구2호선,대구교통공사,죽전,달서구 달구벌대로 지하1560 (죽전동),35.8503505,128.537089,6108,6206
0225,대구,대구2호선,대구교통공사,감삼,달서구 달구벌대로 지하1665 (감삼동),35.8543251,128.547905,6030,5774
0226,대구,대구2호선,대구교통공사,두류,달서구 달구벌대로 지하1760 (두류동),35.8572405,128.555509,6284,6287
0227,대구,대구2호선,대구교통공사,내당,달서구 달구벌대로 지하1900 (두류동),35.860194,128.564593,3634,3656
0228,대구,대구2호선,대구교통공사,반고개,서구 달구벌대로 지하1827 (내당동),35.8623,128.572817,3364,3485
0229,대구,대구2호선,대구교통공사,청라언덕,중구 달구벌대로 지하2000 (동산동),35.865,128.58232271,4763,4468
0230,대구,대구2호선,대구교통공사,반월당,중구 달구벌대로 지하2100 (덕산동),35.865592,128.593334,22308,20261
0231,대구,대구2호선,대구교통공사,경대병원,중구 달구벌대로 지하2190 (삼덕동),35.863102,128.60316,6109,6807
0232,대구,대구2호선,대구교통공사,대구은행,수성구 달구벌대로 지하2300 (수성동),35.859868,128.613975,5200,5439
0233,대구,대구2호선,대구교통공사,범어,수성구 달구벌대로 지하2396 (범어동),35.8591,128.6257,7641,7586
0234,대구,대구2호선,대구교통공사,수성구청,수성구 달구벌대로 지하2500 (범어동),35.85874022,128.6359517,5113,5126
0235,대구,대구2호선,대구교통공사,만촌,수성구 달구벌대로 지하2584 (만촌동),35.858841,128.644951,4052,3931
0236,대구,대구2호선,대구교통공사,담티,수성구 달구벌대로 지하2672 (만촌동),35.854841,128.654151,2339,2296
0237,대구,대구2호선,대구교통공사,연호,수성구 달구벌대로 지하2870 (연호동),35.8465,128.67185,545,456
0238,대구,대구2호선,대구교통공사,수성알파시티,수성구 달구벌대로 지하2950 (연호동),35.842718,128.67999,0,0
0239,대구,대구2호선,대구교통공사,고산,수성구 달구벌대로 지하3080 (시지동),35.842955,128.69335,2337,2305
0240,대구,대구2호선,대구교통공사,신매,수성구 달구벌대로 지하3180 (매호동),35.8408,128.705,5120,5446
0241,대구,대구2호선,대구교통공사,사월,수성구달구벌대로 지하3290 (신매동),35.837066,128.715173,3878,3666
0242,대구,대구2호선,대구교통공사,정평,"경상북도 경산시 대학로 지하60(정평동, 정평역)",35.83407,128.728695,4111,3861
0243,대구,대구2호선,대구교통공사,임당,"경상북도 경산시 대학로 지하170(중방동, 임당역)",35.834131,128.741076,3039,2768
0244,대구,대구2호선,대구교통공사,영남대,"경상북도 경산시 대학로 지하270 (대동, 영남대역)",35.836373,128.752966,5257,4936
0312,대구,대구3호선,대구교통공사,칠곡경대병원,북구 팔거천동로 386(동호동),35.95838748,128.5598908,1137,1033
0313,대구,대구3호선,대구교통공사,학정,북구 팔거천동로 310(학정동),35.95155512,128.5591934,366,332
0314,대구,대구3호선,대구교통공사,팔거,북구 팔거천동로 226(동천동),35.94404716,128.5583366,3980,4068
0315,대구,대구3호선,대구교통공사,동천,북구 팔거천동로 147(동천동),35.93770658,128.556683,1910,1819
0316,대구,대구3호선,대구교통공사,칠곡운암,북구 팔거천동로 79(구암동),35.93145534,128.5545305,3284,3259
0317,대구,대구3호선,대구교통공사,구암,북구 팔거천동로 1(구암동),35.92574223,128.5503415,1717,1609
0318,대구,대구3호선,대구교통공사,태전,북구 칠곡중앙대로 262(태전동),35.9196172,128.547388,1716,1856
0319,대구,대구3호선,대구교통공사,매천,북구 학정로 6(매천동),35.91265,128.5434,1818,1623
0320,대구,대구3호선,대구교통공사,매천시장,북구 매천로 18길 39(매천동),35.90443,128.545755,1377,1339
0321,대구,대구3호선,대구교통공사,팔달,북구 매천로2길 43(팔달동),35.89777,128.5468,932,984
0322,대구,대구3호선,대구교통공사,공단,북구 팔달로 28(비산동),35.892,128.5536,1117,1019
0323,대구,대구3호선,대구교통공사,만평,북구 팔달로 105(노원동3가),35.889893,128.561002,1280,1128
0324,대구,대구3호선,대구교통공사,팔달시장,북구 팔달로 163-1(노원동3가),35.88883085,128.5678716,2067,1997
0325,대구,대구3호선,대구교통공사,원대,서구 팔달로 224-2(원대동3가),35.887886,128.574392,1631,1565
0326,대구,대구3호선,대구교통공사,북구청,서구 원대로 71(원대동2가),35.88381395,128.5814483,3311,3390
0327,대구,대구3호선,대구교통공사,달성공원,중구 달성로 116(수창동),35.87573001,128.5821218,2585,2477
0328,대구,대구3호선,대구교통공사,서문시장,중구 달성로 50(대신동),35.86966429,128.582241,0,0
0329,대구,대구3호선,대구교통공사,청라언덕,중구 남산로 80(남산동),35.86419437,128.5823758,2042,2060
0330,대구,대구3호선,대구교통공사,남산,중구 남산로 2(남산동),35.85668979,128.5834576,2375,2384
0331,대구,대구3호선,대구교통공사,명덕,남구 명덕로 186(대명동),35.85694518,128.5900469,2231,2084
0332,대구,대구3호선,대구교통공사,건들바위,남구 명덕로 260(이천동),35.85538252,128.5996903,1629,1600
0333,대구,대구3호선,대구교통공사,대봉교,남구 명덕로 330(이천동),35.85499783,128.6063685,2493,2521
0334,대구,대구3호선,대구교통공사,수성시장,수성구 명덕로 420(수성동2가),35.85431676,128.6160292,2726,2634
0335,대구,대구3호선,대구교통공사,수성구민운동장,수성구 동대구로 248(범어동),35.85240979,128.6251246,1521,1562
0336,대구,대구3호선,대구교통공사,어린이세상,수성구 동대구로 166(황금동),35.84516989,128.6244677,0,0
0337,대구,대구3호선,대구교통공사,황금,수성구 동대구로 100(두산동),35.83907838,128.6239185,2558,2562
0338,대구,대구3호선,대구교통공사,수성못,수성구 동대구로 14(지산동),35.83135605,128.6232167,0,0
0339,대구,대구3호선,대구교통공사,지산,수성구 지범로 100(지산동),35.82515322,128.6319513,1962,1840
0340,대구,대구3호선,대구교통공사,범물,수성구 지범로 194(범물동),35.82083917,128.6401127,3367,3272
0341,대구,대구3호선,대구교통공사,용지,수성구 범안로 83(범물동),35.8182678,128.6465345,1827,1790
0101,대전,대전1호선,대전교통공사,판암,대전광역시 동구 옥천로 지하162 (판암동),36.316896,127.458264,3798,3401
0102,대전,대전1호선,대전교통공사,신흥,대전광역시 동구 옥천로 지하 70 (판암동),36.319652,127.448792,2035,1860
0103,대전,대전1호선,대전교통공사,대동,대전광역시 동구 계족로 지하 176 (대동),36.329532,127.442848,3500,3146
0104,대전,대전1호선,대전교통공사,대전,대전광역시 동구 중앙로 지하 218 (중동),36.331583,127.433118,11725,10946
0105,대전,대전1호선,대전교통공사,중앙로,대전광역시 중구 중앙로 지하 145 (은행동),36.328664,127.425842,7177,7851
0106,대전,대전1호선,대전교통공사,중구청,대전광역시 중구 중앙로 지하 71 (선화동),36.324831,127.419627,2128,2234
0107,대전,대전1호선,대전교통공사,서대전네거리,대전광역시 중구 계룡로 지하 889(용두동),36.322416,127.412518,5362,5569
0108,대전,대전1호선,대전교통공사,오룡,대전광역시 중구 계룡로 지하 793(오류동),36.328582,127.405046,3746,3383
0109,대전,대전1호선,대전교통공사,용문,대전광역시 서구 계룡로 지하 644(용문동),36.338252,127.393317,6982,7034
0110,대전,대전1호선,대전교통공사,탄방,대전광역시 서구 문정로48번길 지하 19(탄방동),36.34544,127.384603,4454,4790
0111,대전,대전1호선,대전교통공사,시청,대전광역시 서구 둔산중로 지하 55(둔산동),36.351673,127.386739,7520,7730
0112,대전,대전1호선,대전교통공사,정부청사,대전광역시 서구 한밭대로 지하 744(둔산동),36.357661,127.381047,6228,6707
0113,대전,대전1호선,대전교통공사,갈마,대전광역시 서구 한밭대로 지하 666(갈마동),36.357522,127.372632,2830,2875
0114,대전,대전1호선,대전교통공사,월평,대전광역시 서구 한밭대로 지하 595(월평동),36.358272,127.364382,3272,3335
0115,대전,대전1호선,대전교통공사,갑천,대전광역시 서구 갑천도시고속도로 지하 1833(월평동),36.354578,127.354467,965,955
0116,대전,대전1호선,대전교통공사,유성온천,대전광역시 유성구 계룡로 지하 97(봉명동),36.353689,127.341524,8801,9327
0117,대전,대전1호선,대전교통공사,구암,대전광역시 유성구 유성대로 703(구암동),36.356605,127.33083,2698,2657
0118,대전,대전1호선,대전교통공사,현충원,대전광역시 유성구 현충원로 지하 455(구암동),36.359021,127.321525,1872,1486
0119,대전,대전1호선,대전교통공사,월드컵경기장,대전광역시 유성구 한밭대로 지하 155(노은동),36.366825,127.317859,2402,2160
0120,대전,대전1호선,대전교통공사,노은,대전광역시 유성구 노은로 지하 161(지족동),36.37415,127.317835,3880,4077
0121,대전,대전1호선,대전교통공사,지족,대전광역시 유성구 노은로 273(지족동),36.384106,127.319501,2008,1978
0122,대전,대전1호선,대전교통공사,반석,대전광역시 유성구 북유성대로 지하 303(반석동),36.392128,127.314581,6580,6043
8001,부산,동해선,한국철도공사,부전,부산광역시 부산진구 부전로 181,35.164668,129.06011,4135,3441
8002,부산,동해선,한국철도공사,거제해맞이,부산광역시 연제구 거제동 619-1,35.181197,129.069015,1039,1101
8003,부산,동해선,한국철도공사,거제,부산광역시 연제구 거제동 419-2,35.18958,129.074385,1957,2004
8004,부산,동해선,한국철도공사,교대,부산시 연제구 중앙대로 1196,35.1938,129.07958,4525,5121
8005,부산,동해선,한국철도공사,동래,부산광역시 동래구 낙민동 130-4,35.204714,129.0773502,1286,1245
8006,부산,동해선,한국철도공사,안락,부산광역시 동래구 안락동 201-2,35.196007,129.101062,1701,1570
8007,부산,동해선,한국철도공사,부산원동,부산시 동래구 안락동 52-2,35.1938,129.113709,1829,1736
8008,부산,동해선,한국철도공사,재송,부산시 해운대구 해운대로 100,35.188,129.120109,1600,1311
8009,부산,동해선,한국철도공사,센텀,부산시 해운대구 해운대로 210,35.1793,129.1245,2063,2135
8010,부산,동해선,한국철도공사,벡스코,부산광역시 해운대구 우동 1111-2,35.1717,129.135958,5436,5998
8011,부산,동해선,한국철도공사,신해운대,부산시 해운대구 장산로 427,35.181832,129.176696,2263,2249
8012,부산,동해선,한국철도공사,송정,부산시 해운대구 해운대로 1147,35.187832,129.202069,1444,1483
8013,부산,동해선,한국철도공사,오시리아,부산광역시 기장군 기장읍 당사리 261-8,35.196256,129.208291,1867,2007
8014,부산,동해선,한국철도공사,기장,부산시 기장군 기장읍 차성로288번길 86,35.244627,129.2188951,3274,3206
8015,부산,동해선,한국철도공사,일광,부산광역시 기장군 일광면 이천리 750-4,35.2675565,129.2330307,2514,2409
8016,부산,동해선,한국철도공사,좌천,부산시 기장군 장안읍 좌천리 239-4,35.311838,129.245197,1203,1165
8017,부산,동해선,한국철도공사,월내,부산시 기장군 장안읍 월내리 141-4,35.328177,129.276626,596,577
8018,울산,동해선,한국철도공사,서생,울산시 울주군 서생면 화산리 1228-5,35.346121,129.29304,526,511
8019,울산,동해선,한국철도공사,남창,울산시 울주군 온양읍 남창리 42-36,35.419713,129.28223,1154,1162
8020,울산,동해선,한국철도공사,망양,울산시 울주군 온양읍 망양리 484-1,35.456519,129.287856,273,255
8021,울산,동해선,한국철도공사,덕하,울산시 울주군 청량읍 상남리 533-15,35.494007,129.303094,476,477
8022,울산,동해선,한국철도공사,개운포,울산시 남구 상개리 97-1,35.507884,129.321097,213,209
8023,울산,동해선,한국철도공사,태화강,울산광역시 남구 산업로 654,35.538669,129.353269,3542,3548
0095,부산,부산1호선,부산교통공사,다대포해수욕장,부산광역시 사하구 다대로 지하 692,35.048229,128.965919,4597,3775
0096,부산,부산1호선,부산교통공사,다대포항,부산광역시 사하구 다대로 지하 548,35.057288,128.971151,3321,3650
0097,부산,부산1호선,부산교통공사,낫개,부산광역시 사하구 다대로 지하422,35.065179,128.979702,4628,4773
0098,부산,부산1호선,부산교통공사,신장림,부산광역시 사하구 다대로 지하310,35.074222,128.976538,3204,3096
0099,부산,부산1호선,부산교통공사,장림,부산광역시 사하구 다대로 지하230,35.081555,128.9773083,3492,3207
0100,부산,부산1호선,부산교통공사,동매,부산광역시 사하구 신산로 지하168,35.089819,128.974029,4036,3667
0101,부산,부산1호선,부산교통공사,신평,부산광역시 사하구 하신번영로 140,35.09556,128.96056,6122,6294
0102,부산,부산1호선,부산교통공사,하단,부산광역시 사하구 낙동남로 지하 1415,35.10611,128.96667,18035,16474
0103,부산,부산1호선,부산교통공사,당리,부산광역시 사하구 낙동대로 지하 405,35.10333,128.97417,6231,6572
0104,부산,부산1호선,부산교통공사,사하,부산광역시 사하구 낙동대로 지하 309,35.09972,128.98333,4269,3849
0105,부산,부산1호선,부산교통공사,괴정,부산광역시 사하구 낙동대로 지하 221,35.1,128.9925,8378,8433
0106,부산,부산1호선,부산교통공사,대티,부산광역시 사하구 낙동대로 지하 141,35.10306,128.99972,3639,3635
0107,부산,부산1호선,부산교통공사,서대신,부산광역시 서구 대영로 지하 1,35.11083,129.01194,3311,3473
0108,부산,부산1호선,부산교통공사,동대신,부산광역시 서구 구덕로 지하 290,35.11056,129.01757,6272,5499
0109,부산,부산1호선,부산교통공사,토성,부산광역시 서구 구덕로 지하 170,35.10083,129.01972,7934,7682
0110,부산,부산1호선,부산교통공사,자갈치,부산광역시 중구 구덕로 지하 80,35.0975,129.02694,17519,17661
0111,부산,부산1호선,부산교통공사,남포,부산광역시 중구 구덕로 지하 12,35.09778,129.03472,17050,18037
0112,부산,부산1호선,부산교통공사,중앙,부산광역시 중구 중앙대로 지하 83,35.10389,129.03639,8981,9151
0113,부산,부산1호선,부산교통공사,부산,부산광역시 동구 중앙대로 지하 200,35.11528,129.03972,23088,23745
0114,부산,부산1호선,부산교통공사,초량,부산광역시 동구 중앙대로 지하 264,35.12111,129.04296,6086,6219
0115,부산,부산1호선,부산교통공사,부산진,부산광역시 동구 중앙대로 지하 350,35.12778,129.04778,7196,6835
0116,부산,부산1호선,부산교통공사,좌천,부산광역시 동구 중앙대로 지하 446,35.13417,129.05417,4244,3817
0117,부산,부산1호선,부산교통공사,범일,부산광역시 동구 범일로 지하 108,35.14139,129.05944,14337,14624
0118,부산,부산1호선,부산교통공사,범내골,부산광역시 부산진구 중앙대로 지하 612,35.14722,129.05917,10027,10000
0119,부산,부산1호선,부산교통공사,서면,부산광역시 부산진구 중앙대로 지하 730,35.15778,129.05917,36161,40847
0120,부산,부산1호선,부산교통공사,부전,부산광역시 부산진구 중앙대로 지하 786,35.1625,129.06278,16308,17203
0121,부산,부산1호선,부산교통공사,양정,부산광역시 부산진구 중앙대로 지하930,35.17304,129.07119,11977,12120
0122,부산,부산1호선,부산교통공사,시청,부산광역시 연제구 중앙대로 지하 1017,35.17972,129.07667,14857,14403
0123,부산,부산1호선,부산교통공사,연산,부산광역시 연제구 중앙대로 지하 1101,35.18611,129.08167,17082,17748
0124,부산,부산1호선,부산교통공사,교대,부산광역시 연제구 중앙대로 지하 1217,35.19583,129.08,0,0
0125,부산,부산1호선,부산교통공사,동래,부산광역시 동래구 중앙대로 1324,35.20556,129.078461,15727,17544
0126,부산,부산1호선,부산교통공사,명륜,부산광역시 동래구 중앙대로 1414,35.21222,129.07944,9779,10122
0127,부산,부산1호선,부산교통공사,온천장,부산광역시 동래구 중앙대로 1520,35.22056,129.08667,15581,15813
0128,부산,부산1호선,부산교통공사,부산대,부산광역시 금정구 장전온천천로 48,35.23,129.08944,12707,12822
0129,부산,부산1호선,부산교통공사,장전,부산광역시 금정구 장전온천천로 144,35.23806,129.08806,10016,10043
0130,부산,부산1호선,부산교통공사,구서,부산광역시 금정구 금정로 233번길 46,35.24722,129.09139,8944,8585
0131,부산,부산1호선,부산교통공사,두실,부산광역시 금정구 중앙대로 1927-1,35.25694,129.09139,6619,5783
0132,부산,부산1호선,부산교통공사,남산,부산광역시 금정구 중앙대로 지하2019-1,35.26528,129.0925,4957,4765
0133,부산,부산1호선,부산교통공사,범어사,부산광역시 금정구 중앙대로 지하 2107,35.27333,129.09268,7524,6063
0134,부산,부산1호선,부산교통공사,노포,부산광역시 금정구 중앙대로 2238,35.28361,129.095,10014,9468
0201,부산,부산2호선,부산교통공사,장산,부산광역시 해운대구 해운대로 지하 820,35.17,129.17694,14729,14186
0202,부산,부산2호선,부산교통공사,중동,부산광역시 해운대구 해운대로 지하 730,35.16669,129.16887,7879,7243
0203,부산,부산2호선,부산교통공사,해운대,부산광역시 해운대구 해운대로 지하 626,35.163518,129.158584,14079,14724
0204,부산,부산2호선,부산교통공사,동백,부산광역시 해운대구 해운대로 지하 522,35.16147,129.147887,6608,6778
0205,부산,부산2호선,부산교통공사,벡스코,부산광역시 해운대구 해운대로 지하 396,35.16911,129.138431,10314,9621
0206,부산,부산2호선,부산교통공사,센텀시티,부산광역시 해운대구 센텀남대로 지하 76,35.16892,129.131764,20153,19919
0207,부산,부산2호선,부산교통공사,민락,부산광역시 수영구 수영로 지하 769,35.16722,129.121878,3535,3359
0208,부산,부산2호선,부산교통공사,수영,부산광역시 수영구 수영로 지하 677,35.16578,129.114842,15216,14878
0209,부산,부산2호선,부산교통공사,광안,부산광역시 수영구 수영로 지하 576,35.15792,129.113197,10792,11546
0210,부산,부산2호선,부산교통공사,금련산,부산광역시 수영구 수영로 지하 482,35.14989,129.111008,7845,8643
0211,부산,부산2호선,부산교통공사,남천,부산광역시 수영구 수영로 지하 410,35.14217,129.10797,7858,8084
0212,부산,부산2호선,부산교통공사,경성대·부경대,부산광역시 남구 수영로 지하 324,35.13757,129.10055,0,0
0213,부산,부산2호선,부산교통공사,대연,부산광역시 남구 수영로 지하 242,35.13512,129.09218,9737,9552
0214,부산,부산2호선,부산교통공사,못골,부산광역시 남구 수영로 지하 170,35.13472,129.08442,4794,4934
0215,부산,부산2호선,부산교통공사,지게골,부산광역시 남구 수영로 지하 70,35.13558,129.07436,2503,2501
0216,부산,부산2호선,부산교통공사,문현,부산광역시 남구 전포대로 지하 17,35.13911,129.06736,4987,4675
0217,부산,부산2호선,부산교통공사,국제금융센터·부산은행,부산광역시 남구 전포대로 지하97,35.14583,129.06672,4923,5173
0218,부산,부산2호선,부산교통공사,전포,부산광역시 부산진구 전포대로 지하 181,35.15311,129.06533,9447,11733
0219,부산,부산2호선,부산교통공사,서면,부산광역시 부산진구 부전동 573번지,35.15768,129.058517,25046,25164
0220,부산,부산2호선,부산교통공사,부암,부산광역시 부산진구 가야대로 지하 719,35.15744,129.05019,6247,5732
0221,부산,부산2호선,부산교통공사,가야,부산광역시 부산진구 가야대로 지하 650,35.15589,129.04283,3486,3279
0222,부산,부산2호선,부산교통공사,동의대,부산광역시 부산진구 가야대로 지하 554,35.15411,129.0325,4992,4539
0223,부산,부산2호선,부산교통공사,개금,부산광역시 부산진구 가야대로 지하 442,35.15325,129.02056,8010,7672
0224,부산,부산2호선,부산교통공사,냉정,부산광역시 사상구 가야대로 지하 362-1,35.15125,129.01228,4754,4340
0225,부산,부산2호선,부산교통공사,주례,부산광역시 사상구 가야대로 지하 292,35.1505,129.00306,6784,5958
0226,부산,부산2호선,부산교통공사,감전,부산광역시 사상구 사상로 지하 93-1,35.15553,128.99114,4020,3678
0227,부산,부산2호선,부산교통공사,사상,부산광역시 사상구 사상로 지하 203,35.16218,128.98467,21716,21495
0228,부산,부산2호선,부산교통공사,덕포,부산광역시 사상구 사상로 지하 320-1,35.17378,128.98394,4470,4209
0229,부산,부산2호선,부산교통공사,모덕,부산광역시 사상구 사상로 지하 409,35.18036,128.98561,2006,1839
0230,부산,부산2호선,부산교통공사,모라,부산광역시 사상구 사상로 지하 498,35.18967,128.98864,4613,4102
0231,부산,부산2호선,부산교통공사,구남,부산광역시 북구 백양대로 지하 1026,35.19681,128.99492,4040,4029
0232,부산,부산2호선,부산교통공사,구명,부산광역시 북구 백양대로 지하 1094,35.20253,128.99931,3152,2525
0233,부산,부산2호선,부산교통공사,덕천,부산광역시 북구 금곡대로 지하 14,35.21011,129.00533,5001,6983
0234,부산,부산2호선,부산교통공사,수정,부산광역시 북구 금곡대로 지하160,35.22336,129.00922,5631,5482
0235,부산,부산2호선,부산교통공사,화명,부산광역시 북구 금곡대로 지하 311,35.23585,129.01387,10008,10362
0236,부산,부산2호선,부산교통공사,율리,부산광역시 북구 금곡대로 지하 440,35.24672,129.01292,4199,3943
0237,부산,부산2호선,부산교통공사,동원,부산광역시 북구 금곡대로 575,35.25864,129.01242,1508,1293
0238,부산,부산2호선,부산교통공사,금곡,부산광역시 북구 금곡대로 685,35.26733,129.01686,2281,1832
0239,경남,부산2호선,부산교통공사,호포,경상남도 양산시 동면 양산대로 62,35.281,129.017525,1003,1296
0240,경남,부산2호선,부산교통공사,증산,경상남도 양산시 물금읍 메기로 168,35.30828,129.01028,4181,4428
0241,경남,부산2호선,부산교통공사,부산대양산캠퍼스,경상남도 양산시 물금읍 메기로 270,35.31697,129.01383,1694,1489
0242,경남,부산2호선,부산교통공사,남양산,경상남도 양산시 동면 메기로 380,35.32533,129.01942,3084,3001
0243,경남,부산2호선,부산교통공사,양산,경상남도 양산시 강변로 441,35.33851,129.02643,5303,5262
0301,부산,부산3호선,부산교통공사,수영,부산광역시 수영구 수영로 677,35.16775,129.11458,15216,14878
0302,부산,부산3호선,부산교통공사,망미,부산광역시 수영구 연수로 지하 337,35.17153,129.10822,4473,4330
0303,부산,부산3호선,부산교통공사,배산,부산광역시 연제구 연수로 지하 229,35.1735,129.0955,3992,4290
0304,부산,부산3호선,부산교통공사,물만골,부산광역시 연제구 월드컵대로 지하 23,35.17681,129.08575,3573,3662
0305,부산,부산3호선,부산교통공사,연산,부산광역시 연제구 연산동 1515-1번지,35.18614,129.08147,9545,8789
0306,부산,부산3호선,부산교통공사,거제,부산광역시 연제구 월드컵대로 지하 209,35.18858,129.07394,5643,5586
0307,부산,부산3호선,부산교통공사,종합운동장,부산광역시 연제구 아시아드대로 지하 73,35.19125,129.0675,6808,6766
0308,부산,부산3호선,부산교통공사,사직,부산광역시 동래구 아시아드대로 지하 153,35.199,129.065,6891,6877
0309,부산,부산3호선,부산교통공사,미남,부산광역시 동래구 아시아드대로 지하 232,35.2055,129.06806,9901,9318
0310,부산,부산3호선,부산교통공사,만덕,부산광역시 북구 만덕대로 지하 291,35.213,129.0365,5549,5995
0311,부산,부산3호선,부산교통공사,남산정,부산광역시 북구 만덕대로 지하 179,35.21333,129.02392,4836,3730
0312,부산,부산3호선,부산교통공사,숙등,부산광역시 북구 만덕대로 지하 79,35.21197,129.01275,4101,3943
0313,부산,부산3호선,부산교통공사,덕천,부산광역시 북구 덕천동 327번지,35.210139,129.005545,11626,10796
0314,부산,부산3호선,부산교통공사,구포,부산광역시 북구 낙동대로 1697,35.20644,128.99631,2950,3271
0315,부산,부산3호선,부산교통공사,강서구청,부산광역시 강서구 낙동북로 485,35.21125,128.98175,2602,2527
0316,부산,부산3호선,부산교통공사,체육공원,부산광역시 강서구 낙동북로 371,35.21261,128.96894,952,908
0317,부산,부산3호선,부산교통공사,대저,부산광역시 강서구 낙동북로 295,35.21343,128.96074,7785,6865
0401,부산,부산4호선,부산교통공사,미남,부산광역시 동래구 충렬대로 지하 147,35.20643,129.06868,9901,9318
0402,부산,부산4호선,부산교통공사,동래,부산광역시 동래구 온천2동 1486번지,35.20466,129.07741,2172,2314
0403,부산,부산4호선,부산교통공사,수안,부산광역시 동래구 충렬대로 지하 223,35.20183,129.08378,3909,4057
0404,부산,부산4호선,부산교통공사,낙민,부산광역시 동래구 충렬대로 지하 285,35.20025,129.09078,1496,1505
0405,부산,부산4호선,부산교통공사,충렬사,부산광역시 동래구 반송로 지하 205,35.19986,129.09764,3244,3405
0406,부산,부산4호선,부산교통공사,명장,부산광역시 동래구 반송로 지하 281,35.20503,129.10161,2872,2744
0407,부산,부산4호선,부산교통공사,서동,부산광역시 금정구 반송로 지하 387,35.21331,129.10769,2228,2352
0408,부산,부산4호선,부산교통공사,금사,부산광역시 금정구 반송로 지하 465,35.21583,129.11517,1691,1496
0409,부산,부산4호선,부산교통공사,반여농산물시장,부산광역시 해운대구 반송로 550,35.21778,129.12397,1599,1665
0410,부산,부산4호선,부산교통공사,석대,부산광역시 해운대구 석대천로 121,35.21825,129.13717,123,88
0411,부산,부산4호선,부산교통공사,영산대,부산광역시 해운대구 반송로 803,35.22578,129.14617,2329,2290
0412,부산,부산4호선,부산교통공사,윗반송,부산광역시 해운대구 반송로 917,35.2325,129.15403,2340,2161
0413,부산,부산4호선,부산교통공사,고촌,부산광역시 기장군 철마면 반송로 991,35.23603,129.1605,521,425
0414,부산,부산4호선,부산교통공사,안평,부산광역시 기장군 철마면 반송로 1001,35.23733,129.17183,1761,1692
0001,부산,부산김해경전철,부산-김해경전철㈜,사상,부산광역시 사상구 광장로 83,35.1623018,128.9859408,8499,9152
0002,부산,부산김해경전철,부산-김해경전철㈜,괘법르네시떼,부산광역시 사상구 광장로 9,35.1632616,128.9776836,1330,1325
0003,부산,부산김해경전철,부산-김해경전철㈜,서부산유통지구,부산광역시 강서구 유통단지1로 57번길 7,35.16640204,128.9548881,1312,1366
0004,부산,부산김해경전철,부산-김해경전철㈜,공항,부산광역시 강서구 공항진입로 165,35.171906,128.948586,6266,5424
0005,부산,부산김해경전철,부산-김해경전철㈜,덕두,부산광역시 강서구 경전철로 10,35.182001,128.954198,1154,1077
0006,부산,부산김해경전철,부산-김해경전철㈜,등구,부산광역시 강서구 경전철로 194,35.196143,128.963599,209,200
0007,부산,부산김해경전철,부산-김해경전철㈜,대저,부산광역시 강서구 낙동북로 294,35.213066,128.960562,5957,6216
0008,부산,부산김해경전철,부산-김해경전철㈜,평강,부산광역시 강서구 낙동북로 203,35.214105,128.950825,337,355
0009,부산,부산김해경전철,부산-김해경전철㈜,대사,부산광역시 강서구 낙동북로 82,35.217657,128.938417,452,416
0010,경남,부산김해경전철,부산-김해경전철㈜,불암,경상남도 김해시 김해대로 2787,35.222162,128.927893,503,534
0011,경남,부산김해경전철,부산-김해경전철㈜,지내,경상남도 김해시 김해대로 2718,35.2275,128.923721,1020,1014
0012,경남,부산김해경전철,부산-김해경전철㈜,김해대학,경상남도 김해시 김해대로 2641,35.22899,128.915612,1010,858
0013,경남,부산김해경전철,부산-김해경전철㈜,인제대,경상남도 김해시 김해대로 2515,35.228099,128.901736,1750,1638
0014,경남,부산김해경전철,부산-김해경전철㈜,김해시청,경상남도 김해시 김해대로 2408,35.227103,128.89041,1068,971
0015,경남,부산김해경전철,부산-김해경전철㈜,부원,경상남도 김해시 김해대로 2350,35.22646624,128.8838997,2454,2621
0016,경남,부산김해경전철,부산-김해경전철㈜,봉황,경상남도 김해시 김해대로 2249,35.22726757,128.8743069,1896,2047
0017,경남,부산김해경전철,부산-김해경전철㈜,수로왕릉,경상남도 김해시 김해대로 2181,35.2328215,128.8721409,2304,2258
0018,경남,부산김해경전철,부산-김해경전철㈜,박물관,경상남도 김해시 김해대로 2103,35.24006467,128.8718628,1403,1417
0019,경남,부산김해경전철,부산-김해경전철㈜,연지공원,경상남도 김해시 해반천로 5,35.24965763,128.8692908,1240,1157
0020,경남,부산김해경전철,부산-김해경전철㈜,장신대,경상남도 김해시 해반천로 129,35.25955642,128.8671142,1953,1979
0021,경남,부산김해경전철,부산-김해경전철㈜,가야대,경상남도 김해시 해반천로 211,35.26672721,128.8650703,2200,1928
1270,경기,서해선,한국철도공사,능곡,경기도 고양시 덕양구 토당로 35(토당동 454-3),37.618741,126.820845,3906,3755
1271,경기,서해선,한국철도공사,대곡,경기도 고양시 덕양구 대주로 107번길 71-81(대장동 420-1),37.631629,126.809802,9956,8957
1272,경기,서해선,한국철도공사,곡산,경기도 고양시 일산동구 경의로 160(백석동),37.645729,126.801877,473,493
1273,경기,서해선,한국철도공사,백마,경기도 고양시 일산동구 경의로 318(풍동 482-8),37.658346,126.794401,6550,6405
1274,경기,서해선,한국철도공사,풍산,경기도 고양시 일산동구 경의로 486(풍동),37.672173,126.786355,5807,5538
1275,경기,서해선,한국철도공사,일산,경기도 고양시 일산서구 경의로 672,37.682231,126.769521,9096,8915
1980,서울,서해선,한국철도공사,김포공항,서울특별시 강서구 하늘길 지하 77,37.5621179,126.804056,3140,4521
1981,경기,서해선,한국철도공사,원종,경기도 부천시 원종동 404,37.5240628,126.8048386,4687,4623
1982,경기,서해선,한국철도공사,부천종합운동장,경기도 부천시 길주로 지하 502,37.505852,126.797498,2696,2317
4804,경기,서해선,한국철도공사,소사,경기도 부천시 소사구 경인로 363,37.482755,126.7950654,5853,5478
4805,경기,서해선,한국철도공사,소새울,경기도 부천시 소사로 지하 284,37.4685046,126.797228,2669,2537
4806,경기,서해선,한국철도공사,시흥대야,경기도 부천시 소사로 지하 120,37.4504787,126.793142,2983,2991
4807,경기,서해선,한국철도공사,신천,경기도 시흥시 서해안로 지하 1670,37.4391147,126.786835,6484,6285
4808,경기,서해선,한국철도공사,신현,경기도 시승시 신현로 12번길 지하 2-10,37.4091399,126.78788,1374,1324
4809,경기,서해선,한국철도공사,시흥시청,경기도 시흥시 시흥대로 지하 467,37.3814109,126.805946,2963,2899
4810,경기,서해선,한국철도공사,시흥능곡,경기도 시흥시 시흥대로 지하 327,37.3699903,126.808594,3584,3450
4811,경기,서해선,한국철도공사,달미,경기도 안산시 단원구 순환로 지하 160,37.3490003,126.809318,1484,1351
4812,경기,서해선,한국철도공사,선부,경기도 안산시 단원구 선부광장로 34,37.33459,126.81,3810,4035
4813,경기,서해선,한국철도공사,초지,경기도 안산시 단원구 중앙대로 620,37.320083,126.808051,4267,4307
4814,경기,서해선,한국철도공사,시우,경기도 안산시 단원구 동산로 지하 50,37.3130967,126.795503,933,975
4815,경기,서해선,한국철도공사,원시,경기도 안산시 단원구 선단로 지하 70,37.302654,126.7867897,1902,1876
1018,서울,수인분당선,한국철도공사,왕십리,서울시 성동구 왕십리 광장로 17(행당동),37.5610128,127.038705,0,0
1019,서울,수인분당선,한국철도공사,서울숲,서울시 성동구 왕십리로 지하 77,37.543647,127.044686,10402,10670
1020,서울,수인분당선,한국철도공사,압구정로데오,서울시 강남구 압구정동 495(강남구 압구정로 지하 402),37.527385,127.040555,18455,19809
1021,서울,수인분당선,한국철도공사,강남구청,서울시 강남구 학동로 지하 364,37.516572,127.041575,8865,10230
1022,서울,수인분당선,한국철도공사,선정릉,서울시 강남구 선릉로 지하 580(삼성동),37.510775,127.043717,6782,6894
1023,서울,수인분당선,한국철도공사,선릉,서울시 강남구 테헤란로 지하 340,37.504479,127.048941,11730,17580
1024,서울,수인분당선,한국철도공사,한티,서울시 강남구 선릉로 지하 228,37.496208,127.052883,16148,16477
1025,서울,수인분당선,한국철도공사,도곡,서울시 강남구 남부순환로 지하 2814,37.490914,127.055393,6826,6889
1026,서울,수인분당선,한국철도공사,구룡,서울시 강남구 개포동 175-3,37.486985,127.059496,3111,3087
1027,서울,수인분당선,한국철도공사,개포동,서울시 강남구 개포동 지하 420(개포동),37.489112,127.066027,3945,4073
1028,서울,수인분당선,한국철도공사,대모산입구,서울특별시 강남구 개포로 522,37.491347,127.072702,5316,5119
1029,서울,수인분당선,한국철도공사,수서,서울시 강남구 광평로 지하 270(수서동),37.487633,127.101118,16556,17465
1030,서울,수인분당선,한국철도공사,복정,서울특별시 송파구 송파대로 6,37.469753,127.126627,3,0
1031,경기,수인분당선,한국철도공사,가천대,경기도 성남시 수정구 성남대로 1332,37.448784,127.126677,7159,7256
1032,경기,수인분당선,한국철도공사,태평,경기도 성남시 수정구 성남대로 지하 1229번지,37.439842,127.127746,12477,12021
1033,경기,수인분당선,한국철도공사,모란,경기도 성남시 중원구 성남대로 지하 1147(성남동 1575),37.432124,127.129064,18759,19399
1034,경기,수인분당선,한국철도공사,야탑,경기도 성남시 성남대로 지하 903(야탑동 688-1),37.41132,127.128661,23716,24863
1035,경기,수인분당선,한국철도공사,이매,경기도 성남시 성남대로 지하 738,37.395846,127.128272,4961,4809
1036,경기,수인분당선,한국철도공사,서현,경기도 성남시 분당구 성남대로 지하 601,37.384931,127.123249,22672,23041
1037,경기,수인분당선,한국철도공사,수내,경기도 성남시 분당구 성남대로 지하 491(수내동),37.378435,127.114216,12452,12386
1038,경기,수인분당선,한국철도공사,정자,경기도 성남시 분당구 성남대로 지하 333(정자동),37.366037,127.108091,17334,18128
1039,경기,수인분당선,한국철도공사,미금,경기도 성남시 수정구 성남대로 지하 156,37.350078,127.108952,14213,14623
1040,경기,수인분당선,한국철도공사,오리,경기도 성남시 분당구 성남대로 지하 55(구미동 795),37.339832,127.108985,10192,8945
1041,경기,수인분당선,한국철도공사,죽전,경기도 용인시 수지구 포은대로 530(죽전동 1014),37.324575,127.107385,11625,12998
1042,경기,수인분당선,한국철도공사,보정,경기도 용인시 기흥구 용구대로 2560 _x000D_,37.31274,127.108219,2243,1994
1043,경기,수인분당선,한국철도공사,구성,경기도 용인시 기흥구 용구대로 2403,37.299013,127.105664,6803,6950
1044,경기,수인분당선,한국철도공사,신갈,경기도 용인시 기흥구 기흥로 136,37.286127,127.111311,4320,4249
1045,경기,수인분당선,한국철도공사,기흥,경기도 용인시 중부대로 460,37.275657,127.115944,9206,8499
1046,경기,수인분당선,한국철도공사,상갈,경기도 용인시 기흥구 금화로 지하 40,37.261797,127.108718,4597,4406
1047,경기,수인분당선,한국철도공사,청명,경기도 수원시 영통구 봉영로 지하 1670,37.259485,127.078945,4168,4027
1048,경기,수인분당선,한국철도공사,영통,경기도 수원시 영통구 봉영로 지하 1560,37.251521,127.071341,8318,8234
1049,경기,수인분당선,한국철도공사,망포,경기도 수원시 영통구 봉영로 지하 1520,37.245793,127.057367,13663,13215
1050,경기,수인분당선,한국철도공사,매탄권선,경기도 수원시 영통구 권선로 841,37.252458,127.040824,4805,4717
1051,경기,수인분당선,한국철도공사,수원시청,경기도 수원시 권선구 효원로 270,37.261941,127.030736,13090,14038
1052,경기,수인분당선,한국철도공사,매교,경기도 수원시 팔달구 효원로 126,37.265502,127.015657,4584,4591
1053,경기,수인분당선,한국철도공사,수원,경기도 수원시 팔달구 덕영대로 944,37.266162,127.000082,7508,7213
1054,경기,수인분당선,한국철도공사,고색,경기도 수원시 권선구 매송고색로 지하690(고색동),37.249829,126.9805899,4950,4693
1751,경기,수인분당선,한국철도공사,오목천,경기도 수원시 권선구 삼천병마로 1576(오목천동),37.243011,126.9636354,3387,2990
1752,경기,수인분당선,한국철도공사,어천,경기도 화성시 매송면 화성로 2227-5(어천리),37.250076,126.908805,1330,1283
1753,경기,수인분당선,한국철도공사,야목,경기도 화성시 매송면 본오매송로 286(야목리),37.261211,126.884029,640,531
1754,경기,수인분당선,한국철도공사,사리,경기도 안산시 상록구 충장로 103(사동),37.290809,126.857172,4457,3822
1755,경기,수인분당선,한국철도공사,한대앞,경기도 안산시 상록구 충장로 337,37.309985,126.853506,8091,8086
1756,경기,수인분당선,한국철도공사,중앙,경기도 안산시 단원구 중앙대로 918,37.316055,126.838532,17085,17864
1757,경기,수인분당선,한국철도공사,고잔,경기도 안산시 단원구 중앙대로 784,37.316821,126.823094,7971,7703
1758,경기,수인분당선,한국철도공사,초지,경기도 안산시 단원구 중앙대로 620,37.320583,126.806151,4267,4307
1759,경기,수인분당선,한국철도공사,안산,경기도 안산시 단원구 중앙대로 462,37.327006,126.788748,10974,10215
1760,경기,수인분당선,한국철도공사,능길,경기도 안산시 단원구 황고개로 2,37.337488,126.767306,0,0
1761,경기,수인분당선,한국철도공사,정왕,경기도 시흥시 마유로 418길 15,37.351816,126.742844,7949,8052
1762,경기,수인분당선,한국철도공사,오이도,경기도 시흥시 역전로 430,37.361773,126.738437,6715,6591
1878,경기,수인분당선,한국철도공사,달월,경기도 시흥시 서해안로 736번길 55(월곶동),37.379993,126.745431,83,54
1879,경기,수인분당선,한국철도공사,월곶,경기도 시흥시 월곶중앙로 14번길 56,37.39189,126.742741,2584,2380
1880,인천,수인분당선,한국철도공사,소래포구,인천시 남동구 소래역로 51,37.400963,126.733533,4463,4217
1881,인천,수인분당선,한국철도공사,인천논현,인천시 남동구 청능대로 567,37.400641,126.722495,4908,5172
1882,인천,수인분당선,한국철도공사,호구포,인천시 남동구 호구포로 205,37.401622,126.708682,3450,3580
1883,인천,수인분당선,한국철도공사,남동인더스파크,인천시 남동구 은청로 17,37.407668,126.695613,1917,2117
1884,인천,수인분당선,한국철도공사,원인재,인천시 연수구 벚꽃로 195,37.412921,126.686952,3916,4042
1885,인천,수인분당선,한국철도공사,연수,인천시 연수구 벚꽃로 115,37.417769,126.678991,4286,4289
1886,인천,수인분당선,한국철도공사,송도,인천시 연수구 비류대로 175(옥련동),37.429714,126.654486,2264,2088
1888,인천,수인분당선,한국철도공사,인하대,인천시 남구 용현동 294-3,37.448191,126.649832,5799,5357
1889,인천,수인분당선,한국철도공사,숭의,인천시 남구 인주대로 지하6,37.460891,126.638035,3985,3643
1890,인천,수인분당선,한국철도공사,신포,인천시 중구 우현로 지하 3,37.468442,126.624509,1525,1545
1891,인천,수인분당선,한국철도공사,인천,인천시 중구 제물량로 269,37.476364,126.6174236,918,1365
S401,서울,신림선,남서울경전철 주식회사,샛강,서울특별시 영등포구 의사당대로 지하166 (여의도동),37.517219937,126.929403964,2720,3214
S402,서울,신림선,남서울경전철 주식회사,대방,서울특별시 영등포구 여의대방로 300 (신길동),37.512840166,126.925316781,3252,2496
S403,서울,신림선,남서울경전철 주식회사,서울지방병무청,서울특별시 동작구 여의대방로 지하218 (대방동),37.50604687,126.922783404,3109,3443
S404,서울,신림선,남서울경전철 주식회사,보라매,서울특별시 동작구 상도로 지하2 (대방동),37.500312709,126.920485864,4384,3942
S405,서울,신림선,남서울경전철 주식회사,보라매공원,서울특별시 동작구 여의대방로20길 지하11 (신대방동),37.495225405,126.918258811,2204,2416
S406,서울,신림선,남서울경전철 주식회사,보라매병원,서울특별시 동작구 보라매로5길 지하24 (신대방동),37.4929607,126.923886,7629,7909
S407,서울,신림선,남서울경전철 주식회사,당곡,서울특별시 관악구 보라매로 6 (봉천동),37.490039105,126.927568759,4844,4694
S408,서울,신림선,남서울경전철 주식회사,신림,서울특별시 관악구 남부순환로 지하1614 (신림동),37.484890755,126.92960992,2355,2741
S409,서울,신림선,남서울경전철 주식회사,서원,서울특별시 관악구 신림로 258 (신림동),37.47827336,126.933228219,3529,3189
S410,서울,신림선,남서울경전철 주식회사,서울대벤처타운,서울특별시 관악구 신림로 144 (신림동),37.47204068,126.933976556,9798,9195
S411,서울,신림선,남서울경전철 주식회사,관악산,서울특별시 관악구 신림로 23 (신림동),37.46916896,126.944954837,2659,2498
D004,서울,신분당선,경기도 신분당선,신사,서울특별시 강남구 강남대로 620-2,37.51612526,127.0197609,7806,7544
D005,서울,신분당선,경기도 신분당선,논현,서울특별시 강남구 강남대로 492-2,37.5108115,127.0213658,4876,4880
D006,서울,신분당선,경기도 신분당선,신논현,서울특별시 강남구 강남대로 302-2,37.50405543,127.0247306,10820,11071
D007,서울,신분당선,경기도 신분당선,강남,서울특별시 강남구 강남대로 지하 396,37.49738544,127.0278789,17042,22729
D008,서울,신분당선,경기도 신분당선,양재,서울시 서초구 남부순환로 지하 2585,37.48445352,127.0340995,8679,9198
D009,서울,신분당선,경기도 신분당선,양재시민의숲,서울특별시 서초구 매헌로 지하 116,37.47096388,127.0384203,10962,11713
D010,서울,신분당선,경기도 신분당선,청계산입구,서울특별시 서초구 청계산로 지하 179,37.44871485,127.0543396,4191,4132
D011,경기,신분당선,경기도 신분당선,판교,경기도 성남시 분당구 판교역로 지하 160,37.39501475,127.1112107,30833,30920
D012,경기,신분당선,경기도 신분당선,정자,경기도 성남시 분당구 성남대로 지하 333,37.36750101,127.1084859,7934,6969
D013,경기,신분당선,경기도 신분당선,미금,경기도 성남시 성남대로 지하 163 (금곡동),37.35058332,127.1088028,13151,12231
D014,경기,신분당선,경기도 신분당선,동천,경기도 용인시 수지구 신수로 지하760,37.338068413,127.1028937,9143,8428
D015,경기,신분당선,경기도 신분당선,수지구청,경기도 용인시 수지구 풍덕천로 지하120,37.32250096,127.09477813,13737,13751
D016,경기,신분당선,경기도 신분당선,성복,경기도 용인시 수지구 수지로 지하134,37.31374251,127.08057578,15559,14957
D017,경기,신분당선,경기도 신분당선,상현,경기도 용인시 수지구 광교중앙로 지하312,37.29808526,127.0694799,8719,8259
D018,경기,신분당선,경기도 신분당선,광교중앙,경기도 수원시 영통구 도청로 지하45,37.2884537,127.051609,11232,11008
D019,경기,신분당선,경기도 신분당선,광교,경기도 수원시 영통구 대학로 55 신분당선 광교역,37.30173474,127.0448561,2949,2701
Y110,경기,용인경전철,경기도 용인경전철,기흥,경기도 용인시 기흥구 중부대로 460,37.27545288,127.1170465,2340,1936
Y111,경기,용인경전철,경기도 용인경전철,강남대,경기도 용인시 기흥구 중부대로 578,37.27017073,127.1260669,1404,1493
Y112,경기,용인경전철,경기도 용인경전철,지석,경기도 용인시 기흥구 어정로 28,37.26973732,127.1363256,1165,1165
Y113,경기,용인경전철,경기도 용인경전철,어정,경기도 용인시 기흥구 어정로 128,37.27495132,127.1437499,1413,1510
Y114,경기,용인경전철,경기도 용인경전철,동백,경기도 용인시 기흥구 동백죽전대로 314,37.26910138,127.1526906,3040,3003
Y115,경기,용인경전철,경기도 용인경전철,초당,경기도 용인시 기흥구 동백죽전대로 204,37.26080647,127.1594692,1029,985
Y116,경기,용인경전철,경기도 용인경전철,삼가,경기도 용인시 처인구 중부대로 1098,37.24205993,127.16818,1039,1086
Y117,경기,용인경전철,경기도 용인경전철,시청·용인대,경기도 용인시 처인구 중부대로 1199-1,37.23944203,127.1788851,1644,1711
Y118,경기,용인경전철,경기도 용인경전철,명지대,경기도 용인시 처인구 금학로 241,37.23807629,127.1902913,1874,1987
Y119,경기,용인경전철,경기도 용인경전철,김량장,경기도 용인시 처인구 금학로 315,37.23732377,127.1986109,1710,1792
Y120,경기,용인경전철,경기도 용인경전철,용인중앙시장,경기도 용인시 처인구 금학로 409,37.2379113,127.2090526,2759,2864
Y121,경기,용인경전철,경기도 용인경전철,고진,경기도 용인시 처인구 경안천로 141,37.24463834,127.2141836,1047,980
Y122,경기,용인경전철,경기도 용인경전철,보평,경기도 용인시 처인구 경안천로 313,37.25896427,127.2184808,1205,1109
Y123,경기,용인경전철,경기도 용인경전철,둔전,경기도 용인시 처인구 포곡읍 포곡로 70,37.26721222,127.2136387,1865,1838
Y124,경기,용인경전철,경기도 용인경전철,전대·에버랜드,경기도 용인시 처인구 포곡읍 에버랜드로 143,37.28541327,127.219509,1184,1088
S110,서울,우이신설선,우이신설경전철운영㈜,북한산우이,서울특별시 강북구 삼양로 지하 676,37.66284,127.01272,2600,2402
S111,서울,우이신설선,우이신설경전철운영㈜,솔밭공원,서울특별시 강북구 삼양로 595,37.65607,127.01326,2457,2337
S112,서울,우이신설선,우이신설경전철운영㈜,4.19민주묘지,서울특별시 강북구 삼양로 519,37.64954,127.01371,2862,2659
S113,서울,우이신설선,우이신설경전철운영㈜,가오리,서울특별시 강북구 삼양로 426,37.64162,127.01681,4073,4065
S114,서울,우이신설선,우이신설경전철운영㈜,화계,서울특별시 강북구 삼양로 341,37.63428,127.0175,3500,3311
S115,서울,우이신설선,우이신설경전철운영㈜,삼양,서울특별시 강북구 삼양로 지하 259,37.62706,127.01817,2368,2456
S116,서울,우이신설선,우이신설경전철운영㈜,삼양사거리,서울특별시 강북구 삼양로 197,37.62144,127.02049,2568,2532
S117,서울,우이신설선,우이신설경전철운영㈜,솔샘,서울특별시 강북구 솔샘로 지하 189,37.62037,127.01357,5499,5206
S118,서울,우이신설선,우이신설경전철운영㈜,북한산보국문,서울특별시 성북구 보국문로 지하 88,37.61233,127.00816,5775,5481
S119,서울,우이신설선,우이신설경전철운영㈜,정릉,서울특별시 성북구 아리랑로 지하 122,37.60278,127.01345,4469,4090
S120,서울,우이신설선,우이신설경전철운영㈜,성신여대입구,서울특별시 성북구 동선동1가 116-1,37.59247,127.01656,3742,4077
S121,서울,우이신설선,우이신설경전철운영㈜,보문,서울특별시 성북구 보문동1가 127-6,37.58551,127.01939,1747,1744
S122,서울,우이신설선,우이신설경전철운영㈜,신설동,서울특별시 동대문구 신설동 132-259,37.57659,127.023221,2339,2195
U110,경기,의정부경전철,의정부경량전철㈜,발곡,경기도 의정부시 장곡로 258,37.726983,127.052889,2891,3003
U111,경기,의정부경전철,의정부경량전철㈜,회룡,경기도 의정부시 평화로 363,37.72505255,127.0467864,9700,9463
U112,경기,의정부경전철,의정부경량전철㈜,범골,경기도 의정부시 신흥로 141,37.7287279,127.0437202,2609,2471
U113,경기,의정부경전철,의정부경량전철㈜,경전철의정부,경기도 의정부시 신흥로 237,37.73729974,127.043321,2553,2920
U114,경기,의정부경전철,의정부경량전철㈜,의정부시청,경기도 의정부시 의정로 69,37.73924874,127.034854,1611,1712
U115,경기,의정부경전철,의정부경량전철㈜,흥선,경기도 의정부시 호국로 1197,37.74322487,127.0371765,2152,2143
U117,경기,의정부경전철,의정부경량전철㈜,의정부중앙,경기도 의정부시 호국로 1305,37.74371903,127.0496332,3450,3568
U118,경기,의정부경전철,의정부경량전철㈜,동오,경기도 의정부시 장곡로 471,37.74519123,127.05703,2267,2258
U119,경기,의정부경전철,의정부경량전철㈜,새말,경기도 의정부시 장곡로 551,37.74889941,127.063869,1571,1450
U120,경기,의정부경전철,의정부경량전철㈜,경기도청북부청사,경기도 의정부시 장곡로 615,37.75073213,127.0714795,2810,2932
U121,경기,의정부경전철,의정부경량전철㈜,효자,경기도 의정부시 부용로 159-40,37.75398452,127.0773155,885,877
U122,경기,의정부경전철,의정부경량전철㈜,곤제,경기도 의정부시 천보로 173,37.75054343,127.0838651,1248,1182
U123,경기,의정부경전철,의정부경량전철㈜,어룡,경기도 의정부시 충의로 125,37.74272184,127.0852045,2269,2208
U124,경기,의정부경전철,의정부경량전철㈜,송산,경기도 의정부시 충의로 59,37.7371698,127.0872755,2015,2016
U125,경기,의정부경전철,의정부경량전철㈜,탑석,경기도 의정부시 충의로 20,37.73355362,127.0889064,1567,1320
3107,인천,인천1호선,인천교통공사,검단호수공원,인천광역시 서구 불로동 608-16,37.6025,126.688056,639,601
3108,인천,인천1호선,인천교통공사,신검단중앙,인천광역시 서구 원당로652,37.6026,126.698611,4865,4645
3109,인천,인천1호선,인천교통공사,아라,인천광역시 서구 당하동 1238,37.592222,126.713333,9460,9085
3110,인천,인천1호선,인천교통공사,계양,인천광역시 계양구 다남로 24,37.571539,126.736319,1937,2411
3111,인천,인천1호선,인천교통공사,귤현,인천광역시 계양구 장제로 1136,37.566362,126.742498,928,955
3112,인천,인천1호선,인천교통공사,박촌,인천광역시 계양구 장제로 992,37.553525,126.744946,3394,3087
3113,인천,인천1호선,인천교통공사,임학,인천광역시 계양구 장제로 875,37.545058,126.738642,7049,6946
3114,인천,인천1호선,인천교통공사,계산,인천광역시 계양구 경명대로 1089,37.543243,126.728436,8832,8733
3115,인천,인천1호선,인천교통공사,경인교대입구,인천광역시 계양구 계양대로 162,37.538272,126.722603,4688,4732
3116,인천,인천1호선,인천교통공사,작전,인천광역시 계양구 게양대로 73,37.530271,126.722548,13076,12744
3117,인천,인천1호선,인천교통공사,갈산,인천광역시 부평구 부평대로 286,37.517124,126.721566,7730,7433
3118,인천,인천1호선,인천교통공사,부평구청,인천광역시 부평구 부평대로 189,37.508768,126.720547,9041,6055
3119,인천,인천1호선,인천교통공사,부평시장,인천광역시 부평구 부평대로 69,37.498495,126.722282,11747,11940
3120,인천,인천1호선,인천교통공사,부평,인천광역시 부평구 광장로 15,37.490541,126.723437,6944,6912
3121,인천,인천1호선,인천교통공사,동수,인천광역시 부평구 경인로 877,37.485409,126.718464,4504,4412
3122,인천,인천1호선,인천교통공사,부평삼거리,인천광역시 부평구 경인로 765,37.478267,126.710494,2083,2071
3123,인천,인천1호선,인천교통공사,간석오거리,인천광역시 남동구 경인로 674,37.466921,126.707861,9740,9152
3124,인천,인천1호선,인천교통공사,인천시청,인천광역시 남동구 예술로 264,37.457615,126.702216,4627,4556
3125,인천,인천1호선,인천교통공사,예술회관,인천광역시 남동구 예술로 172,37.449334,126.700991,10494,10902
3126,인천,인천1호선,인천교통공사,인천터미널,인천광역시 미추홀구 예술로 85,37.441917,126.699727,11974,12317
3127,인천,인천1호선,인천교통공사,문학경기장,인천광역시 연수구 예술로 2,37.434964,126.698373,1458,1443
3128,인천,인천1호선,인천교통공사,선학,인천광역시 연수구 경원대로 480,37.426985,126.698872,5155,5208
3129,인천,인천1호선,인천교통공사,신연수,인천광역시 연수구 경원대로 368,37.418032,126.693853,4432,4224
3130,인천,인천1호선,인천교통공사,원인재,인천광역시 연수구 경원대로 285,37.412364,126.687893,2503,2182
3131,인천,인천1호선,인천교통공사,동춘,인천광역시 연수구 경원대로 180,37.404676,126.680835,8576,8902
3132,인천,인천1호선,인천교통공사,동막,인천광역시 연수구 경원대로 80,37.398173,126.673561,4440,3811
3133,인천,인천1호선,인천교통공사,캠퍼스타운,인천광역시 연수구 송도국제대로 66,37.388209,126.661985,4717,4665
3134,인천,인천1호선,인천교통공사,테크노파크,인천광역시 연수구 송도국제대로 150,37.382311,126.656355,10064,10115
3135,인천,인천1호선,인천교통공사,지식정보단지,인천광역시 연수구 인천타워대로 57,37.378021,126.645412,3920,4124
3136,인천,인천1호선,인천교통공사,인천대입구,인천광역시 연수구 인천타워대로 155,37.386239,126.639351,6456,6563
3137,인천,인천1호선,인천교통공사,센트럴파크,인천광역시 연수구 인천타워대로 240,37.392833,126.635002,3268,3285
3138,인천,인천1호선,인천교통공사,국제업무지구,인천광역시 연수구 인천타워대로 334,37.400464,126.630094,2729,2590
3139,인천,인천1호선,인천교통공사,송도달빛축제공원,인천광역시 연수구 송도동 340,37.40687495,126.6260537,4025,3971
3201,인천,인천2호선,인천교통공사,검단오류,인천광역시 서구 검단로 187 (오류동),37.5950162,126.62801,2289,2251
3202,인천,인천2호선,인천교통공사,왕길,인천광역시 서구 검단로 323 (왕길동),37.5950191,126.642284,2036,2010
3203,인천,인천2호선,인천교통공사,검단사거리,인천광역시 서구 검단로 473 (왕길동),37.601693,126.656545,7155,6657
3204,인천,인천2호선,인천교통공사,마전,인천광역시 서구 완정로 68 (마전동),37.597756,126.667195,3314,3563
3205,인천,인천2호선,인천교통공사,완정,인천광역시 서구 원당대로 650 (당하동),37.592867,126.672961,5967,5709
3206,인천,인천2호선,인천교통공사,독정,인천광역시 서구 서곶로 760 (백석동),37.584927,126.675981,4126,4085
3207,인천,인천2호선,인천교통공사,검암,인천광역시 서구 검바위로 4 (검암동),37.568611,126.675682,3900,3439
3208,인천,인천2호선,인천교통공사,검바위,인천광역시 서구 서곶로 492 (검암동),37.561091,126.677529,2359,2524
3209,인천,인천2호선,인천교통공사,아시아드경기장,인천광역시 서구 서곶로 382 (연희동),37.551373,126.677075,3818,3396
3210,인천,인천2호선,인천교통공사,서구청,인천광역시 서구 서곶로 294 (심곡동),37.543839,126.676795,7159,7280
3211,인천,인천2호선,인천교통공사,가정,인천광역시 서구 봉오대로 234 (가정동),37.524805,126.675387,10045,9594
3212,인천,인천2호선,인천교통공사,가정중앙시장,인천광역시 서구 가남로 400 (가정동),37.517511,126.676784,5329,5576
3213,인천,인천2호선,인천교통공사,석남,인천광역시 서구 가석로 257 (석남동),37.507211,126.676304,2290,2478
3214,인천,인천2호선,인천교통공사,서부여성회관,인천광역시 서구 가석로 169 (석남동),37.500298,126.675875,3560,3468
3215,인천,인천2호선,인천교통공사,인천가좌,인천광역시 서구 가석로 67 (가좌동),37.489962,126.675284,3513,3453
3216,인천,인천2호선,인천교통공사,가재울,인천광역시 서구 열우물로 252 (가좌동),37.484152,126.683883,3451,3286
3217,인천,인천2호선,인천교통공사,주안국가산단,인천광역시 서구 방축로 343 (가좌동),37.473599,126.681102,2126,2181
3218,인천,인천2호선,인천교통공사,주안,인천광역시 미추홀구 주안로 지하 91-1 (주안동),37.465234,126.679041,5697,7695
3219,인천,인천2호선,인천교통공사,시민공원,인천광역시 미추홀구 경인로 371 (주안동),37.458339,126.6810091,9411,9012
3220,인천,인천2호선,인천교통공사,석바위시장,인천광역시 미추홀구 구월로 19 (주안동),37.457659,126.692387,4606,4832
3221,인천,인천2호선,인천교통공사,인천시청,인천광역시 남동구 구월로 지하 99 (간석동),37.456904,126.701523,2832,3034
3222,인천,인천2호선,인천교통공사,석천사거리,인천광역시 남동구 구월로 지하 181 (구월동),37.4569323,126.710383,4266,3956
3223,인천,인천2호선,인천교통공사,모래내시장,인천광역시 남동구 구월로 지하 255 (구월동),37.455842,126.719578,7183,7558
3224,인천,인천2호선,인천교통공사,만수,인천광역시 남동구 구월로 지하 367 (만수동),37.454962,126.731764,4361,4049
3225,인천,인천2호선,인천교통공사,남동구청,인천광역시 남동구 인주대로 지하 889 (만수동),37.448179,126.736581,3682,3453
3226,인천,인천2호선,인천교통공사,인천대공원,인천광역시 남동구 수인로 3677 (장수동),37.448475,126.753051,1945,1858
3227,인천,인천2호선,인천교통공사,운연,인천광역시 남동구 매소홀로 1229 (운연동),37.439533,126.759609,1025,940
